Rank,Nama_Pemenang,Total_Pagu_Rp,Jumlah_Paket,Jumlah_Satuan_Kerja,Jumlah_Instansi,Jumlah_Lokasi,Contoh_Paket,Contoh_Satker,Contoh_Instansi,Nama_Pemenang_Asli,Match_Score,Kandidat_Lain,Match_Method,source_file
1,GLOBAL STRATEGY,516421438.0,10,7,1,1,Belanja Pemeliharaan Peralatan dan Mesin (Pemeliharaan Komputer-Peralatan Komputer-Peralatan Komputer Lainnya) (PUSKESMAS MARGA 1 - Pelayanan dan Penunjang Pelayanan BLUD),PUSKESMAS MARGA 1,Kab. Tabanan,GLOBAL STRATEGY,100.0,,original,SI_ICT_Bali_-_NusRa.csv
2,RISKY MEDIA COMPUTER,505390000.0,19,8,1,1,Belanja Modal Personal Computer-Belanja Modal Pengadaan Personal Komputer,Rumah Sakit Umum Daerah,Kab. Sumbawa,RISKY MEDIA COMPUTER,100.0,,original,SI_ICT_Bali_-_NusRa.csv
3,VILYA ADHITYA PRADNYAN,495383100.0,42,6,1,1,Belanja Alat/Bahan untuk Kegiatan Kantor-Bahan Komputer,Dinas Pemberdayaan Masyarakat Dan Desa,Kab. Karangasem,VILYA ADHITYA PRADNYAN,100.0,,original,SI_ICT_Bali_-_NusRa.csv
4,I NYOMAN SUWITRAYASA,271153000.0,13,10,1,2,Belanja Modal Personal Computer,"Dinas Pendidikan, Pemuda dan Olahraga",Kab. Bangli,I NYOMAN SUWITRAYASA,100.0,,original,SI_ICT_Bali_-_NusRa.csv
5,INFOKES INDONESIA,142660000.0,12,10,2,2,Belanja Sewa Aset Tidak Berwujud-Software,UPTD Puskesmas Banjarangkan II,Kab. Klungkung,INFOKES INDONESIA,100.0,,original,SI_ICT_Bali_-_NusRa.csv
6,UD. PEMUDA,112153500.0,42,5,1,7,Belanja Alat/Bahan untuk Kegiatan Kantor-Bahan Komputer,Dinas Kesehatan,Kab. Sumbawa,UD. PEMUDA,100.0,,original,SI_ICT_Bali_-_NusRa.csv
7,DWI PERKASA,111605500.0,5,5,2,2,Belanja Pemeliharaan Komputer-Peralatan Komputer-Peralatan Komputer Lainny,Dinas Pemajuan Masyarakat Adat,Provinsi Bali,DWI PERKASA,100.0,,original,SI_ICT_Bali_-_NusRa.csv
8,LUH RELO UTAMI,110047480.0,15,7,1,1,Belanja Alat/Bahan untuk Kegiatan Kantor-Bahan Komputer,Dinas Pariwisata,Kab. Buleleng,LUH RELO UTAMI,100.0,,original,SI_ICT_Bali_-_NusRa.csv
9,PT Telekomunikasi Selular,80759600.0,8,6,6,6,Belanja Kawat/Faksimili/Internet/TV Berlangganan,UPTD Puskesmas Klungkung II,Kab. Klungkung,PT Telekomunikasi Selular,100.0,,original,SI_ICT_Bali_-_NusRa.csv
10,TELEKOMUNIKASI SELULAR,80100812.0,9,9,5,5,Belanja Kawat/Faksimili/Internet/TV Berlangganan,UPTD Puskesmas Tegallalang I,Kab. Gianyar,TELEKOMUNIKASI SELULAR,100.0,,original,SI_ICT_Bali_-_NusRa.csv
11,CV. LANCAR REJEKI SEJAHTERA,36000000.0,6,6,1,1,Belanja Jasa Pihak Ketiga (Pemeliharaan Komputer-Komputer Unit Komputer Jaringan / Komputer Farmasi/Simokata) (PUSKESMAS MARGA 1 - Pelayanan dan Penunjang Pelayanan BLUD),PUSKESMAS MARGA 1,Kab. Tabanan,CV. LANCAR REJEKI SEJAHTERA,100.0,,original,SI_ICT_Bali_-_NusRa.csv
1,PT Metra-Net,22117400000.0,11,8,9,9,Belanja Tagihan Telepon- KKBPK pulsa kader,"Dinas Pemberdayaan Perempuan, Perlindungan Anak dan Keluarga Berencana",Kab. Sidoarjo,PT Metra-Net,100.0,,original,SI_ICT_Bidang_Kesehatan_dan_Perlindungan_Sosial.csv
2,"PT. Telekomunikasi Indonesia, Tbk.",16610844954.0,20,18,7,18,Pengadaan Bandwith Internet Poltekkes Kemenkes Palembang Tahun 2025,POLITEKNIK KESEHATAN PALEMBANG,Kementerian Kesehatan,"PT. Telekomunikasi Indonesia, Tbk.",100.0,,original,SI_ICT_Bidang_Kesehatan_dan_Perlindungan_Sosial.csv
3,PERUSAHAAN PERSEROAN (PERSERO) PT. TELEKOMUNIKASI INDONESIA,9828476000.0,14,13,5,13,Layanan Internet Kampus Terpadu Poltekkes Kemenkes Aceh,POLITEKNIK KESEHATAN ACEH,Kementerian Kesehatan,PERUSAHAAN PERSEROAN (PERSERO) PT. TELEKOMUNIKASI INDONESIA,100.0,,original,SI_ICT_Bidang_Kesehatan_dan_Perlindungan_Sosial.csv
4,METRA - NET,9610602800.0,8,6,7,7,Pengadaan PABX dan HT,UPT RUMAH SAKIT UMUM DAERAH BENDA,Kota Tangerang,METRA - NET,100.0,,original,SI_ICT_Bidang_Kesehatan_dan_Perlindungan_Sosial.csv
5,XLSMART TELECOM SEJAHTERA,8513217005.0,8,5,4,5,Paket Data Pendamping Keluarga,Dinas Pengendalian Penduduk dan Keluarga Berencana,Kab. Sukabumi,XLSMART TELECOM SEJAHTERA,100.0,,original,SI_ICT_Bidang_Kesehatan_dan_Perlindungan_Sosial.csv
6,TELEKOMUNIKASI SELULAR,5723771000.0,13,13,6,6,"Belanja Kawat/Faksimili/Internet/TV Berlangganan sub kegiatan Pemantauan Data dan Informasi Keluarga Berisiko Stunting (Termasuk remaja Calon Pengantin/Calon PUS, Ibu Hamil, Pasca salin/kelahiran, Baduta/Balita)","DINAS KELUARGA BERENCANA, PEMBERDAYAAN PEREMPUAN DAN PERLINDUNGAN ANAK",Kab. Tulungagung,TELEKOMUNIKASI SELULAR,100.0,,original,SI_ICT_Bidang_Kesehatan_dan_Perlindungan_Sosial.csv
7,PT. Indosat Tbk,5482000000.0,5,5,5,5,Paket Data/Pulsa,"DINAS PEMBERDAYAAN PEREMPUAN, PERLINDUNGAN ANAK, PENGENDALIAN PENDUDUK DAN KELUARGA BERENCANA",Kota Batam,PT. Indosat Tbk,100.0,,original,SI_ICT_Bidang_Kesehatan_dan_Perlindungan_Sosial.csv
8,INDONESIA COMNETS PLUS,5348658000.0,7,5,3,5,Belanja Jasa Lainnya Langganan Internet Bagi Layanan Umum (E-Katalog) Poltekkes Kemenkes Palangka Raya Tahun 2025,POLITEKNIK KESEHATAN PALANGKARAYA,Kementerian Kesehatan,INDONESIA COMNETS PLUS,100.0,,original,SI_ICT_Bidang_Kesehatan_dan_Perlindungan_Sosial.csv
9,NIVER PRATAMA INFORINDO,5146400000.0,7,5,6,6,PAKET DATA TPK,DINAS PENGENDALIAN PENDUDUK DAN KELUARGA BERENCANA,Kab. Minahasa Utara,NIVER PRATAMA INFORINDO,100.0,,original,SI_ICT_Bidang_Kesehatan_dan_Perlindungan_Sosial.csv
10,PT. IFORTE SOLUSI INFOTEK,2330360000.0,7,7,3,4,Langganan Internet,BALAI PENGAMANAN ALAT DAN FASILITAS KESEHATAN SURABAYA,Kementerian Kesehatan,PT. IFORTE SOLUSI INFOTEK,100.0,,original,SI_ICT_Bidang_Kesehatan_dan_Perlindungan_Sosial.csv
11,SOLUSI ARYA PRIMA,1376360280.0,10,8,8,8,Belanja Modal Peralatan Mini Computer,"Dinas Pemberdayaan Masyarakat dan Desa, Pengendalian Penduduk dan Keluarga Berencana",Kab. Banjarnegara,SOLUSI ARYA PRIMA,100.0,,original,SI_ICT_Bidang_Kesehatan_dan_Perlindungan_Sosial.csv
12,PT. MULTI DATA PALEMBANG,1310256787.0,12,8,8,7,Belanja Modal Peralatan Komputer Lainnya,Rumah Sakit Ernaldi Bahar,Provinsi Sumatera Selatan,PT. MULTI DATA PALEMBANG,100.0,,original,SI_ICT_Bidang_Kesehatan_dan_Perlindungan_Sosial.csv
13,PT. SENTRA VIDYA UTAMA,1295920000.0,5,5,1,5,Belanja Langganan Aplikasi Sistem Informasi Akademik Terintegrasi Poltekkes Kemenkes Palangka Raya Tahun 2025,POLITEKNIK KESEHATAN PALANGKARAYA,Kementerian Kesehatan,PT. SENTRA VIDYA UTAMA,100.0,,original,SI_ICT_Bidang_Kesehatan_dan_Perlindungan_Sosial.csv
14,ANUGRAH PRATAMA,944525600.0,8,6,4,7,Belanja Modal Personal Computer Puskesmas Bringkoning,DINAS KESEHATAN DAN KELUARGA BERENCANA,Kab. Sampang,ANUGRAH PRATAMA,100.0,,original,SI_ICT_Bidang_Kesehatan_dan_Perlindungan_Sosial.csv
15,"PT. SMARTFREN TELECOM, Tbk",676533673.0,5,5,4,5,Langganan Internet (WAC),Rumah Sakit Umum Pusat Prof Dr IGNG Ngoerah,Kementerian Kesehatan,"PT. SMARTFREN TELECOM, Tbk",100.0,,original,SI_ICT_Bidang_Kesehatan_dan_Perlindungan_Sosial.csv
16,AYOOKLIK AIRMAS PERKASA,629377030.0,6,6,6,6,Balanja Modal Personal Komputer,RUMAH SAKIT UMUM DAERAH KELAS B MAJALAYA,Kab. Bandung,AYOOKLIK AIRMAS PERKASA,100.0,,original,SI_ICT_Bidang_Kesehatan_dan_Perlindungan_Sosial.csv
1,"PT. Telekomunikasi Indonesia, Tbk.",11904603100.0,40,38,5,38,Langganan Internet I,Pusat Data dan Sistem informasi,Kementerian Perdagangan,"PT. Telekomunikasi Indonesia, Tbk.",100.0,,original,SI_ICT_Bidang_Pembangunan_Ekonomi_dan_Infrastruktur.csv
2,SENJAYA SOLUSI SEKURINDO,8242547000.0,5,5,1,5,Pengadaan dan Pemasangan Peralatan X-Ray Bagasi Single View dengan Aplikasi TIP dan Automatic Threat Detection (MOA),BANDAR UDARA JOHN BECKER PULAU KISAR,Kementerian Perhubungan,SENJAYA SOLUSI SEKURINDO,100.0,,original,SI_ICT_Bidang_Pembangunan_Ekonomi_dan_Infrastruktur.csv
3,PERUSAHAAN PERSEROAN (PERSERO) PT. TELEKOMUNIKASI INDONESIA,5991119000.0,6,6,2,5,Internet,DISTRIK NAVIGASI MERAUKE,Kementerian Perhubungan,PERUSAHAAN PERSEROAN (PERSERO) PT. TELEKOMUNIKASI INDONESIA,100.0,,original,SI_ICT_Bidang_Pembangunan_Ekonomi_dan_Infrastruktur.csv
4,PT. HIPERNET INDODATA,5256487276.0,12,12,3,9,Belanja Langganan Daya dan Jasa Lainnya (Langganan Internet),Kantor Pertanahan Kabupaten Cirebon,Kementerian Agraria dan Tata Ruang/BPN,PT. HIPERNET INDODATA,100.0,,original,SI_ICT_Bidang_Pembangunan_Ekonomi_dan_Infrastruktur.csv
5,PT INTI DATA TELEMATIKA,2686480000.0,5,5,4,3,Internet Fiber Optik,Balai Diklat Industri Surabaya,Kementerian Perindustrian,PT INTI DATA TELEMATIKA,100.0,,original,SI_ICT_Bidang_Pembangunan_Ekonomi_dan_Infrastruktur.csv
6,PT MILENIAL INTI TELEKOMUNIKASI,1781500000.0,6,6,3,5,Paket Pengadaan Langganan Daya dan Jasa Lainnya (Internet),Kantor Pertanahan KOTA CIREBON,Kementerian Agraria dan Tata Ruang/BPN,PT MILENIAL INTI TELEKOMUNIKASI,100.0,,original,SI_ICT_Bidang_Pembangunan_Ekonomi_dan_Infrastruktur.csv
7,PT. NUSANTARA SECOM INFOTECH,258327000.0,6,6,1,6,Lisensi Autocad,KANTOR PERTANAHAN KAB NAGAN RAYA DI PROP NANGGROE ACEH DARUSSALAM,Kementerian Agraria dan Tata Ruang/BPN,PT. NUSANTARA SECOM INFOTECH,100.0,,original,SI_ICT_Bidang_Pembangunan_Ekonomi_dan_Infrastruktur.csv
8,Sinergi Wahana Gemilang,161452000.0,5,5,1,5,Lisensi Autocad,Kantor Pertanahan KAB SUMBA TIMUR,Kementerian Agraria dan Tata Ruang/BPN,Sinergi Wahana Gemilang,100.0,,original,SI_ICT_Bidang_Pembangunan_Ekonomi_dan_Infrastruktur.csv
1,"PT. Telekomunikasi Indonesia, Tbk.",118484280364.0,34,32,9,28,Pengadaan Bandwith Internet Poltekkes Kemenkes Palembang Tahun 2025,POLITEKNIK KESEHATAN PALEMBANG,Kementerian Kesehatan,"PT. Telekomunikasi Indonesia, Tbk.",100.0,,original,SI_ICT_Bidang_Pendidikan.csv
2,INDONESIA COMNETS PLUS,63834734000.0,11,8,6,7,Belanja Jasa Lainnya Langganan Internet Bagi Layanan Umum (E-Katalog) Poltekkes Kemenkes Palangka Raya Tahun 2025,POLITEKNIK KESEHATAN PALANGKARAYA,Kementerian Kesehatan,INDONESIA COMNETS PLUS,100.0,,original,SI_ICT_Bidang_Pendidikan.csv
3,PERUSAHAAN PERSEROAN (PERSERO) PT. TELEKOMUNIKASI INDONESIA,21656035000.0,18,17,6,15,Layanan Internet Kampus Terpadu Poltekkes Kemenkes Aceh,POLITEKNIK KESEHATAN ACEH,Kementerian Kesehatan,PERUSAHAAN PERSEROAN (PERSERO) PT. TELEKOMUNIKASI INDONESIA,100.0,,original,SI_ICT_Bidang_Pendidikan.csv
4,SENTRA VIDYA UTAMA,4676271000.0,12,10,4,9,Langganan Sistem Informasi Mahasiswa (SIA),POLITEKNIK KESEHATAN ACEH,Kementerian Kesehatan,SENTRA VIDYA UTAMA,100.0,,original,SI_ICT_Bidang_Pendidikan.csv
5,PT. SENTRA VIDYA UTAMA,3419256000.0,13,13,5,13,Pengadaan Aplikasi SIM Kampus SIAKAD,POLITEKNIK NEGERI BENGKALIS,"Kementerian Pendidikan Tinggi, Sains, dan Teknologi",PT. SENTRA VIDYA UTAMA,100.0,,original,SI_ICT_Bidang_Pendidikan.csv
6,SOLUSI ARYA PRIMA,1130423100.0,8,7,6,7,Pengadaan Personal Computer SMP Negeri 5 Ungaran,"Dinas Pendidikan, Kebudayaan, Kepemudaan dan Olahraga",Kab. Semarang,SOLUSI ARYA PRIMA,100.0,,original,SI_ICT_Bidang_Pendidikan.csv
7,P*. T******* E******** I********,990950000.0,6,6,2,6,Biaya aplikasi anti plagiat di Universitas,UNIVERSITAS LAMBUNG MANGKURAT,"Kementerian Pendidikan Tinggi, Sains, dan Teknologi",PT. Turnitin Education Indonesia,91.0,PT Teraloka Elaborasi Indonesia (89.92) | PT Turnitin Education Indonesia (89.92) | PT TKE Elevator Indonesia (88.08),regex,SI_ICT_Bidang_Pendidikan.csv
1,"PT. Telekomunikasi Indonesia, Tbk.",19214370992.0,8,7,2,7,INTERNET POLDA,BIDTIK POLRI POLDA KALTARA,Kepolisian Negara Republik Indonesia,"PT. Telekomunikasi Indonesia, Tbk.",100.0,,original,SI_ICT_Bidang_Pertahanan.csv
1,"PT. Telekomunikasi Indonesia, Tbk.",58764777071.0,48,17,33,32,Belanja Koneksi Internet dan Intranet untuk CCTV,Dinas Komunikasi dan Informatika,Kota Malang,"PT. Telekomunikasi Indonesia, Tbk.",100.0,,original,SI_ICT_Jawa.csv
2,PT. Indonesia Comnets Plus,21830384623.0,14,8,12,12,Pengadaan Jaringan Internet (Penyelenggaraan Jaringan Intra Pemerintah Daerah Kab/Kota),"DINAS KOMUNIKASI DAN INFORMATIKA, STATISTIK DAN PERSANDIAN",Kab. Tuban,PT. Indonesia Comnets Plus,100.0,,original,SI_ICT_Jawa.csv
3,PARSAORAN GLOBAL DATATRANS,14024073394.0,13,7,12,12,Bandwidth Utama,Dinas Komunikasi dan Informatika,Kab. Pati,PARSAORAN GLOBAL DATATRANS,100.0,,original,SI_ICT_Jawa.csv
4,PERUSAHAAN PERSEROAN (PERSERO) PT. TELEKOMUNIKASI INDONESIA,4853476547.0,9,7,9,9,Belanja Sewa Layanan Internet Sharing,Dinas Komunikasi dan Informatika,Kab. Semarang,PERUSAHAAN PERSEROAN (PERSERO) PT. TELEKOMUNIKASI INDONESIA,100.0,,original,SI_ICT_Jawa.csv
5,PT. META INTEGRASI PERSADA,1246293000.0,10,5,7,7,Belanja Switch SFP Data Center,Dinas Komunikasi dan Informatika,Kota Tegal,PT. META INTEGRASI PERSADA,100.0,,original,SI_ICT_Jawa.csv
6,JASNITA TELEKOMINDO,1012900000.0,5,5,5,5,Call Center 112,Dinas Komunikasi dan Informatika,Kab. Sidoarjo,JASNITA TELEKOMINDO,100.0,,original,SI_ICT_Jawa.csv
7,SOLUSI ARYA PRIMA,923744689.0,8,6,6,6,Lisensi Antivirus,Dinas Komunikasi dan Informatika,Kab. Bantul,SOLUSI ARYA PRIMA,100.0,,original,SI_ICT_Jawa.csv
8,METRA - NET,833329052.0,8,5,4,6,Belanja Sewa Aset Tidak Berwujud-Lisensi dan Franchise - Belanja Lisensi Firewall,Dinas Komunikasi dan Informatika,Kab. Karawang,METRA - NET,100.0,,original,SI_ICT_Jawa.csv
9,PT. BANGUN JAYA PEDIA,629279938.0,12,6,6,6,"Belanja Alat/Bahan untuk Kegiatan Kantor-Bahan Komputer Sub Kegiatan Pengadaan Peralatan dan Mesin Lainnya Dinas Komunikasi, Informatika, Statistik dan Persandian","Dinas Komunikasi, Informatika, Statistik dan Persandian",Kab. Probolinggo,PT. BANGUN JAYA PEDIA,100.0,,original,SI_ICT_Jawa.csv
10,AYOOKLIK AIRMAS PERKASA,452790260.0,6,5,6,6,Belanja Modal Peralatan Personal Computer,"Dinas Koperasi, Usaha Mikro Kecil Menengah, Perindustrian dan Perdagangan",Kota Tasikmalaya,AYOOKLIK AIRMAS PERKASA,100.0,,original,SI_ICT_Jawa.csv
11,DAYA ELANG UTAMA,351009000.0,6,5,3,4,Belanja Modal Peralatan Komputer Lainnya,Dinas Komunikasi dan Informatika,Kab. Karanganyar,DAYA ELANG UTAMA,100.0,,original,SI_ICT_Jawa.csv
12,RHEA MULTI KARYA,329222895.0,23,5,1,1,Belanja Alat/Bahan untuk Kegiatan Kantor-Bahan Komputer,"Badan Perencanaan Pembangunan, Penelitian dan Pengembangan Daerah",Kab. Pacitan,RHEA MULTI KARYA,100.0,,original,SI_ICT_Jawa.csv
13,GOODBOY DIGITAL SOLUTION,247472000.0,21,7,1,7,Biaya Paket Data susenas maret 2025,BADAN PUSAT STATISTIK KAB TANGERANG,Badan Pusat Statistik,GOODBOY DIGITAL SOLUTION,100.0,,original,SI_ICT_Jawa.csv
14,PERMATA RATU,166650000.0,14,8,1,8,Biaya Paket Data Pelatihan Pengolahan Pemetaan,BADAN PUSAT STATISTIK KAB MAGETAN,Badan Pusat Statistik,PERMATA RATU,100.0,,original,SI_ICT_Jawa.csv
15,LORENA STORE,85110000.0,14,5,1,5,Pengadaan paket Data pengumpulan data survei statistik jasa pariwisata,BADAN PUSAT STATISTIK KAB GRESIK,Badan Pusat Statistik,LORENA STORE,100.0,,original,SI_ICT_Jawa.csv
16,BERKAT MENGALIR TERUS,65307650.0,13,6,2,2,Belanja Alat/Bahan untuk Kegiatan Kantor-Bahan Komputer,"BADAN PERENCANAAN PEMBANGUNAN, PENELITIAN DAN PENGEMBANGAN DAERAH",Kab. Pasuruan,BERKAT MENGALIR TERUS,100.0,,original,SI_ICT_Jawa.csv
17,CENTROJAYA,39109200.0,19,5,1,1,Belanja Alat/Bahan untuk Kegiatan Kantor-Bahan Komputer,BADAN PERENCANAAN PEMBANGUNAN PENELITIAN DAN PENGEMBANGAN DAERAH,Kota Pasuruan,CENTROJAYA,100.0,,original,SI_ICT_Jawa.csv
18,T********,29603000.0,14,5,3,5,Penyusunan Dokumen Perencanaan Perangkat Daerah - Belanja Alat/Bahan untuk Kegiatan Kantor-Bahan Komputer,"Badan Perencanaan Pembangunan, Riset dan Inovasi Daerah",Kab. Sukoharjo,Terlampir,88.0,TIRTOYOSO (88.0) | TERAMEDIA (88.0) | terlampir (88.0),sql,SI_ICT_Jawa.csv
19,G**** I********** N********,24975000.0,15,6,1,6,Biaya paket data pengumpulan data podes,BADAN PUSAT STATISTIK KAB PROBOLINGGO,Badan Pusat Statistik,GRAHA INFORMATIKA NUSANTARA,89.69,GLOBAL INTERMEDIA NUSANTARA (89.69) | Graha Informatika Nusantara (89.69) | GERBANG ISTANA NUSANTARA (88.51),sql,SI_ICT_Jawa.csv
20,P* G**** I********** N********,23200000.0,12,6,1,6,paket data pengumpulan data sakernas agustus,BADAN PUSAT STATISTIK KAB MADIUN,Badan Pusat Statistik,PT Graha Informatika Nusantara,90.68,PT. GRAHA INFORMATIKA NUSANTARA (90.04) | PT. Global Intermedia Nusantara (90.04) | PT. Graha Informatika Nusantara (90.04),sql,SI_ICT_Jawa.csv
1,JAWARA GRUP COMPUTINDO,137913000.0,6,5,1,1,Belanja Modal Personal Computer,FKTP Rawat Jalan Puskesmas Takong,Kab. Mempawah,JAWARA GRUP COMPUTINDO,100.0,,original,SI_ICT_Kalimantan.csv
1,HND GEMILANG SOLUSINDO,796641013.0,21,14,9,10,Belanja Alat/Bahan untuk Kegiatan Kantor-Bahan Komputer,UPTD BALAI PENGEMBANGAN BIBIT TERNAK DAN BENIH PERTANIAN,Provinsi Sulawesi Utara,HND GEMILANG SOLUSINDO,100.0,,original,SI_ICT_Sulawesi.csv
2,JONNY GAUTAMA,215860100.0,17,5,1,1,Belanja Modal Personal Computer,DINAS PERTANIAN DAN KETAHANAN PANGAN,Kab. Kepulauan Selayar,JONNY GAUTAMA,100.0,,original,SI_ICT_Sulawesi.csv
3,HARMONI SUKSES MANDIRI,213241701.0,8,7,4,5,Belanja Modal Peralatan Komputer Lainnya-Pengadaan Peralatan Komputer-Penyediaan Peralatan dan Perlengkapan Kantor,Dinas Pertanian,Kab. Minahasa Utara,HARMONI SUKSES MANDIRI,100.0,,original,SI_ICT_Sulawesi.csv
4,PANTERO SELARAS UTAMA,136012175.0,6,5,5,5,Wireless Video Transmitter,Dinas Pendidikan dan Kebudayaan,Provinsi Gorontalo,PANTERO SELARAS UTAMA,100.0,,original,SI_ICT_Sulawesi.csv
5,RHAVA COMPUTINDO,104590080.0,10,7,2,2,Belanja Pemeliharaan Komputer-Komputer Unit-Personal Computer,Badan Kepegawaian Pendidikan dan Pelatihan,Kota Kotamobagu,RHAVA COMPUTINDO,100.0,,original,SI_ICT_Sulawesi.csv
6,MUFIDAH,101019700.0,16,6,1,4,Alat dan Bahan Komputer (UPTD PP Gentuma),UPTD Pelabuhan Perikanan Gentuma,Provinsi Gorontalo,MUFIDAH,100.0,,original,SI_ICT_Sulawesi.csv
7,RICKY MICHAEL TINANGON,92764600.0,35,10,1,3,Belanja Bahan Komputer,DINAS PERKEBUNAN,Provinsi Sulawesi Utara,RICKY MICHAEL TINANGON,100.0,,original,SI_ICT_Sulawesi.csv
8,SALVATION,48966000.0,14,5,1,1,Belanja Bahan Komputer,Dinas Pekerjaan Umum dan Penataan Ruang Perumahan dan Kawasan Pemukiman,Kab. Kep. Siau Tagulandang Biaro,SALVATION,100.0,,original,SI_ICT_Sulawesi.csv
9,ERNIATY,40112600.0,17,5,1,3,Belanja Alat/Bahan untuk Kegiatan Kantor-Bahan Komputer,Dinas Pendidikan Dan Kebudayaan,Kab. Luwu Timur,ERNIATY,100.0,,original,SI_ICT_Sulawesi.csv
1,AGRES BATAM TEKNOLOGI,1772258631.0,10,7,4,3,Belanja Modal Personal Computer,DINAS KETAHANAN PANGAN DAN PERTANIAN,Kota Batam,AGRES BATAM TEKNOLOGI,100.0,,original,SI_ICT_Sumatera.csv
2,INTER MEDIALINK SOLUSI,1320000000.0,14,8,1,11,Belanja Pemasangan Internet 27 SMK Negeri Cabang Dinas Pendidikan Wilayah XIV,Cabang Dinas Pendidikan Teluk Dalam,Provinsi Sumatera Utara,INTER MEDIALINK SOLUSI,100.0,,original,SI_ICT_Sumatera.csv
3,PT. MULTI DATA PALEMBANG,1021402432.0,12,6,6,5,Belanja Modal Personal Computer (Laptop),Dinas ketahanan pangan dan Pertanian,Kab. Ogan Ilir,PT. MULTI DATA PALEMBANG,100.0,,original,SI_ICT_Sumatera.csv
4,SAYANNA,1000320000.0,5,5,5,4,Pengadaan Perlengkapan PAUD (Laptop),"Dinas Pendidikan, Pemuda Dan Olahraga",Kota Pariaman,SAYANNA,100.0,,original,SI_ICT_Sumatera.csv
5,AGRES MEDAN TEKNOLOGI,923677130.0,12,5,5,5,Belanja Modal Peralatan Personal Computer,DINAS PENDIDIKAN,Kab. Pakpak Bharat,AGRES MEDAN TEKNOLOGI,100.0,,original,SI_ICT_Sumatera.csv
6,MIKROTEK KOMPUTINDO,542130910.0,16,9,7,7,Belanja Modal Personal Computer,Dinas Kebudayaan dan Pariwisata,Kab. Samosir,MIKROTEK KOMPUTINDO,100.0,,original,SI_ICT_Sumatera.csv
7,AYOOKLIK JBROS TEKNOLOGI,328215250.0,7,7,5,6,Belanja Modal Personal Computer,Dinas Pertanian,Kab. Solok,AYOOKLIK JBROS TEKNOLOGI,100.0,,original,SI_ICT_Sumatera.csv
8,SINARMULIA ANDALAS INFOCOM,139587525.0,6,5,3,3,Belanja Modal Personal Computer,Dinas Pertanian,Kab. Solok,SINARMULIA ANDALAS INFOCOM,100.0,,original,SI_ICT_Sumatera.csv
9,BIMA MASA,83221257.0,9,5,1,1,Belanja Modal Peralatan Komputer Lainnya,Dinas Kebudayaan dan Pariwisata,Kab. Samosir,BIMA MASA,100.0,,original,SI_ICT_Sumatera.csv
10,VIDEA CORPS,72004660.0,26,5,1,1,Belanja Alat/Bahan untuk Kegiatan Kantor-Bahan Komputer,Dinas Pendidikan,Kota Jambi,VIDEA CORPS,100.0,,original,SI_ICT_Sumatera.csv
11,SINAR MANDIRI,26480100.0,12,5,2,2,Belanja Alat/Bahan untuk Kegiatan Kantor-Bahan Komputer,Dinas Pendidikan,Provinsi Kepulauan Riau,SINAR MANDIRI,100.0,,original,SI_ICT_Sumatera.csv
1,PT. Kimia Farma Tbk,54773352102.0,19,13,15,13,Belanja Obat Program Gizi,Dinas Kesehatan,Provinsi Bali,PT. Kimia Farma Tbk,100.0,,original,SI_NonICT_Bali_-_NusRa.csv
2,P.T. Dexa Medica,49999309534.0,17,7,7,7,Belanja Obat-Obatan-Obat,UPTD Puskesmas Manggis I,Kab. Karangasem,P.T. Dexa Medica,100.0,,original,SI_NonICT_Bali_-_NusRa.csv
3,PT IDS MEDICAL SYSTEMS INDONESIA,35221828841.0,7,5,5,5,Belanja Modal Alat Kedokteran Umum,RSUD Sanjiwani,Kab. Gianyar,PT IDS MEDICAL SYSTEMS INDONESIA,100.0,,original,SI_NonICT_Bali_-_NusRa.csv
4,PT.GLOBAL DISPOMEDIKA,30466981205.0,7,5,6,6,Pengadaan Obat dan BMHP,UNIVERSITAS UDAYANA,"Kementerian Pendidikan Tinggi, Sains, dan Teknologi",PT.GLOBAL DISPOMEDIKA,100.0,,original,SI_NonICT_Bali_-_NusRa.csv
5,PT Jayamas Medica Industri,30287924564.0,43,13,19,17,Belanja Modal Peralatan dan Mesin BLUD Termometer Suhu Ruangan (UPT Puskesmas Kintamani VI),Puskesmas Kintamani VI,Kab. Bangli,PT Jayamas Medica Industri,100.0,,original,SI_NonICT_Bali_-_NusRa.csv
6,PT. D&V INTERNATIONAL MAKMUR GEMILANG,22091420474.0,5,5,4,4,Alat Kesehatan Umum Lainnya,Rumah Sakit Mandalika,Provinsi Nusa Tenggara Barat,PT. D&V INTERNATIONAL MAKMUR GEMILANG,100.0,,original,SI_NonICT_Bali_-_NusRa.csv
7,PT. ENDO Indonesia,20568827894.0,19,8,13,12,"Belanja Bahan-Bahan Lainnya (Penyediaan BMHP Thermal paper untuk EKG dan Gel untuk EKG)_Pengadaan Obat, Bahan Habis Pakai, Bahan Medis Habis Pakai,, Vaksin, Makanan dan Minuman di Fasilitas Kesehatan_Dikes",DINAS KESEHATAN,Kab. Tabanan,PT. ENDO Indonesia,100.0,,original,SI_NonICT_Bali_-_NusRa.csv
8,PT Medquest Jaya Global,20563777913.0,32,7,30,28,Belanja Suku Cadang-Suku Cadang Alat Kedokteran-BMHP HIV,Dinas Kesehatan,Kab. Bangli,PT Medquest Jaya Global,100.0,,original,SI_NonICT_Bali_-_NusRa.csv
9,PT Mulya Husada Jaya,18908647000.0,11,6,5,5,Belanja Modal Alat Kedokteran Mata berupa Alat Kedokteran Mata Spesifikasi : Fotofundus,RSUD Bali Mandara,Provinsi Bali,PT Mulya Husada Jaya,100.0,,original,SI_NonICT_Bali_-_NusRa.csv
10,PT. TRIMAN,16628385105.0,27,27,6,5,Belanja Obat JKN RSU Prima Medika Denpasar,RSU Prima Medika Denpasar,Fasilitas Kesehatan Swasta Provider Jaminan Kesehatan Nasional,PT. TRIMAN,100.0,,original,SI_NonICT_Bali_-_NusRa.csv
11,PRIMA DUTA NUSANTARA,15911786300.0,36,6,9,14,Pengadaan Alat Laboratorium IPA SMP Kristen Waikabubak,"DINAS PENDIDIKAN, KEPEMUDAAN DAN OLAH RAGA",Kab. Sumba Barat,PRIMA DUTA NUSANTARA,100.0,,original,SI_NonICT_Bali_-_NusRa.csv
12,PT. Samator Indo Gas TBK,15179311408.0,16,10,5,4,Belanja pengisian tabung O2 (UPTD PUSKESMAS KEDIRI III- 1.02.01.2.10.01),PUSKESMAS KEDIRI 3,Kab. Tabanan,PT. Samator Indo Gas TBK,100.0,,original,SI_NonICT_Bali_-_NusRa.csv
13,PT. MEGA ANDALAN KALASAN,13878405461.0,12,5,6,6,Belanja Modal Alat Kedokteran Gawat Darurat,Dinas Kesehatan,Kab. Buleleng,PT. MEGA ANDALAN KALASAN,100.0,,original,SI_NonICT_Bali_-_NusRa.csv
14,PT. Mahakam Beta Farma,13479667484.0,5,5,5,5,belanja Obat-obatan,Rumah Sakit Umum Daerah Provinsi,Provinsi Nusa Tenggara Barat,PT. Mahakam Beta Farma,100.0,,original,SI_NonICT_Bali_-_NusRa.csv
15,PT. HOSPI NIAGA UTAMA,12109741868.0,19,10,10,10,Belanja Modal Alat Kedokteran Bedah,Dinas Kesehatan,Kab. Buleleng,PT. HOSPI NIAGA UTAMA,100.0,,original,SI_NonICT_Bali_-_NusRa.csv
16,PT. CAHYA INTAN MEDIKA,11935752245.0,38,20,10,10,Microscope Slide Prosted,Dinas Kesehatan,Kab. Klungkung,PT. CAHYA INTAN MEDIKA,100.0,,original,SI_NonICT_Bali_-_NusRa.csv
17,NOVAPHARIN,11466066860.0,7,5,7,7,Belanja Barang dan Jasa BLUD ( Belanja Persediaan Obat Obatan dan Obat ) UPT Puskesmas Susut II,Puskesmas Susut II,Kab. Bangli,NOVAPHARIN,100.0,,original,SI_NonICT_Bali_-_NusRa.csv
18,BUMI INDAH PUTRA,10624220000.0,9,6,5,5,Belanja Modal Kendaraan Bermotor Khusus,Rumah Sakit Jiwa Mutiara Sukma Provinsi,Provinsi Nusa Tenggara Barat,BUMI INDAH PUTRA,100.0,,original,SI_NonICT_Bali_-_NusRa.csv
19,KARYA ABADI SOLUSINDO,10601196200.0,16,6,8,12,"Pengadaan peralatan Teknologi, Informasi dan Komunikasi (TIK) DAK SD","Dinas Pendidikan, Kepemudaan dan Olahraga",Kab. Manggarai Barat,KARYA ABADI SOLUSINDO,100.0,,original,SI_NonICT_Bali_-_NusRa.csv
20,AYOOKLIK AIRMAS INTERNUSA,10555314000.0,11,6,5,2,Belanja Barang untuk Dijual/Diserahkan kepada Masyarakat,"Dinas Pemberdayaan Masyarakat, Pemerintahan Desa, Kependudukan dan Pencatatan Sipil",Provinsi Nusa Tenggara Barat,AYOOKLIK AIRMAS INTERNUSA,100.0,,original,SI_NonICT_Bali_-_NusRa.csv
1,PT. Kimia Farma Tbk,774510033836.0,149,52,48,52,Pengadaan Obat,RSUP Dr Sitanala Tangerang,Kementerian Kesehatan,PT. Kimia Farma Tbk,100.0,,original,SI_NonICT_Bidang_Kesehatan_dan_Perlindungan_Sosial.csv
2,PT. B.BRAUN MEDICAL INDONESIA,404512046973.0,174,40,16,32,"Pengadaan Sediaan Farmasi , Alat Kesehatan dan Bahan Medis Habis Pakai E_Catalogue TA 2025",RUMAH SAKIT UMUM DR CIPTO MANGUN KUSUMO JAKARTA,Kementerian Kesehatan,PT. B.BRAUN MEDICAL INDONESIA,100.0,,original,SI_NonICT_Bidang_Kesehatan_dan_Perlindungan_Sosial.csv
3,PT Glaxo Wellcome Indonesia,298791833623.0,28,11,7,9,Pengadaan Obat Farmasi tahun 2025 E-Kat,RUMAH SAKIT UMUM DR SARDJITO YOGYAKARTA,Kementerian Kesehatan,PT Glaxo Wellcome Indonesia,100.0,,original,SI_NonICT_Bidang_Kesehatan_dan_Perlindungan_Sosial.csv
4,PT. BIO FARMA,253615799300.0,36,14,13,16,Belanja Bahan Lainnya ( FARMASI ),"Dinas Kesehatan, Pengendalian Penduduk dan Keluarga Berencana",Kab. Mempawah,PT. BIO FARMA,100.0,,original,SI_NonICT_Bidang_Kesehatan_dan_Perlindungan_Sosial.csv
5,PT Pratapa Nirmala,233916413752.0,69,23,10,21,Obat Fornas e-Katalog,RUMAH SAKIT UMUM DR HASAN SADIKIN BANDUNG,Kementerian Kesehatan,PT Pratapa Nirmala,100.0,,original,SI_NonICT_Bidang_Kesehatan_dan_Perlindungan_Sosial.csv
6,PT.GLOBAL DISPOMEDIKA,231148362021.0,87,40,42,52,Pengadaan BMHP Farmasi,RS PARU DR ARIO WIRAWAN SALATIGA,Kementerian Kesehatan,PT.GLOBAL DISPOMEDIKA,100.0,,original,SI_NonICT_Bidang_Kesehatan_dan_Perlindungan_Sosial.csv
7,PT. NOVELL PHARMACEUTICAL LABORATORIES,211316105328.0,67,20,11,17,Pengadaan Obat Farmasi tahun 2025 E-Kat (PDN),RUMAH SAKIT UMUM DR SARDJITO YOGYAKARTA,Kementerian Kesehatan,PT. NOVELL PHARMACEUTICAL LABORATORIES,100.0,,original,SI_NonICT_Bidang_Kesehatan_dan_Perlindungan_Sosial.csv
8,PT Prodia Diagnostic Line,202471238126.0,7,7,4,6,Belanja Barang Persediaan Barang Konsumsi Giat Pengadaan Reagen Surveilans Pengendalian Diabetes Mellitus BLKM Banda Aceh TA 2025,BALAI LABORATORIUM KESEHATAN MASYARAKAT BANDA ACEH,Kementerian Kesehatan,PT Prodia Diagnostic Line,100.0,,original,SI_NonICT_Bidang_Kesehatan_dan_Perlindungan_Sosial.csv
9,PT. SIEMENS HEALTHINEERS INDONESIA,196411850566.0,25,15,8,13,Belanja Modal Alat Kedokteran Jantung-Belanja Modal Alat Kesehatan Umum - Alat Kesehatan Umum (DAK Fisik),Rumah Sakit Umum Daerah Jatisari,Kab. Karawang,PT. SIEMENS HEALTHINEERS INDONESIA,100.0,,original,SI_NonICT_Bidang_Kesehatan_dan_Perlindungan_Sosial.csv
10,HEXPHARM JAYA LABORATORIES,178941268316.0,10,10,9,10,Pengadaan Obat di RS Adam Malik,RUMAH SAKIT UMUM H ADAM MALIK MEDAN,Kementerian Kesehatan,HEXPHARM JAYA LABORATORIES,100.0,,original,SI_NonICT_Bidang_Kesehatan_dan_Perlindungan_Sosial.csv
11,PT. Mindray Medical Indonesia,175560498323.0,168,64,37,60,Pengadaan Mesin Anastesi Neonatus / dewasa,RUMAH SAKIT UMUM H ADAM MALIK MEDAN,Kementerian Kesehatan,PT. Mindray Medical Indonesia,100.0,,original,SI_NonICT_Bidang_Kesehatan_dan_Perlindungan_Sosial.csv
12,PT Jayamas Medica Industri,167240999600.0,199,50,38,44,Patient Monitor,UPTD Rumah Sakit Umum Daerah H. Abdul Manan Simatupang,Kab. Asahan,PT Jayamas Medica Industri,100.0,,original,SI_NonICT_Bidang_Kesehatan_dan_Perlindungan_Sosial.csv
13,P.T. Dexa Medica,167195953635.0,172,43,29,41,Pengadaan Belanja Barang Persediaan Cefoperazone inj BLU RSF TA 2025 (Obat-Obatan),RUMAH SAKIT FATMAWATI JAKARTA,Kementerian Kesehatan,P.T. Dexa Medica,100.0,,original,SI_NonICT_Bidang_Kesehatan_dan_Perlindungan_Sosial.csv
14,PT. Philips Indonesia Commercial,154912948307.0,64,40,24,34,Belanja Modal Alat Kedokteran Jantung (Bid. Penunjang),RUMAH SAKIT UMUM DAERAH BREBES,Kab. Brebes,PT. Philips Indonesia Commercial,100.0,,original,SI_NonICT_Bidang_Kesehatan_dan_Perlindungan_Sosial.csv
15,PT. Mersifarma Tirmaku Mercusana,151656419739.0,125,39,12,28,Pengadaan Belanja Barang Persediaan Isoflurane 250 ml BLU RSF TA 2025 (Obat-Obatan),RUMAH SAKIT FATMAWATI JAKARTA,Kementerian Kesehatan,PT. Mersifarma Tirmaku Mercusana,100.0,,original,SI_NonICT_Bidang_Kesehatan_dan_Perlindungan_Sosial.csv
16,PT Medquest Jaya Global,137318318056.0,46,20,20,25,Pengadaan Bahan Lainnya Laboratorium (Reagen Laborat),Rumah Sakit Umum Daerah Pandan Arang,Kab. Boyolali,PT Medquest Jaya Global,100.0,,original,SI_NonICT_Bidang_Kesehatan_dan_Perlindungan_Sosial.csv
17,GE OPERATIONS INDONESIA,129481854992.0,84,51,33,45,Kontrak Service Gamma Camera merk GE Type NM CT 870DR SN: 7982MI0008,RUMAH SAKIT UMUM DR SARDJITO YOGYAKARTA,Kementerian Kesehatan,GE OPERATIONS INDONESIA,100.0,,original,SI_NonICT_Bidang_Kesehatan_dan_Perlindungan_Sosial.csv
18,PT. MEPROFARM,128342394961.0,99,36,30,36,Pengadaan Obat Ecatalog Tahun 2025 (Non Konsolidasi),RSU DR KARIADI SEMARANG,Kementerian Kesehatan,PT. MEPROFARM,100.0,,original,SI_NonICT_Bidang_Kesehatan_dan_Perlindungan_Sosial.csv
19,JAYAMAS MEDICA INDUSTRI,124904663341.0,18,17,10,15,Belanja Suku Cadang Alat Laboratorium,RUMAH SAKIT UMUM DAERAH HUSADA PRIMA,Provinsi Jawa Timur,JAYAMAS MEDICA INDUSTRI,100.0,,original,SI_NonICT_Bidang_Kesehatan_dan_Perlindungan_Sosial.csv
20,PT IDS MEDICAL SYSTEMS INDONESIA,117399531617.0,98,40,22,34,Pengadaan BHP Pelayanan Paket RJ Dan RI e-Cataloque TW 2 TA 2025,RUMAH SAKIT OTAK DR Drs M HATTA BUKITTINGGI,Kementerian Kesehatan,PT IDS MEDICAL SYSTEMS INDONESIA,100.0,,original,SI_NonICT_Bidang_Kesehatan_dan_Perlindungan_Sosial.csv
1,P*. H***** K**** (P******),5203554838000.0,7,6,1,6,Rehabilitasi Jaringan Irigasi pada D.I./D.I.R. Kewenangan Daerah Provinsi Aceh,694180,Kementerian Pekerjaan Umum,[TIDAK DITEMUKAN] P*. H***** K**** (P******),0.0,,none,SI_NonICT_Bidang_Pembangunan_Ekonomi_dan_Infrastruktur.csv
2,P*. N***** K**** (P******),2121477551500.0,11,9,3,8,Pembangunan Jaringan Irigasi Air Tanah Tersebar di Kabupaten Dompu dan Kabupaten Sumbawa,SNVT AIR TANAH DAN AIR BAKU BBWS NUSA TENGGARA I MATARAM,Kementerian Pekerjaan Umum,[TIDAK DITEMUKAN] P*. N***** K**** (P******),0.0,,none,SI_NonICT_Bidang_Pembangunan_Ekonomi_dan_Infrastruktur.csv
3,P*. P********** P******** (P******)  T**,1089964979000.0,10,7,3,7,Pembangunan BRT Metropolitan Mebidang – Paket Fasilitas Jalur On Corridor,DIREKTORAT ANGKUTAN JALAN,Kementerian Perhubungan,[TIDAK DITEMUKAN] P*. P********** P******** (P******)  T**,0.0,,none,SI_NonICT_Bidang_Pembangunan_Ekonomi_dan_Infrastruktur.csv
4,PT ADHI KARYA (Persero) Tbk,960894816518.0,5,5,2,5,Jasa Konstruksi Pembangunan Gedung Batavia Dinas Teknis Jatibaru,"DINAS CIPTA KARYA, TATA RUANG DAN PERTANAHAN",Provinsi DKI Jakarta,PT ADHI KARYA (Persero) Tbk,100.0,,original,SI_NonICT_Bidang_Pembangunan_Ekonomi_dan_Infrastruktur.csv
5,P* B****** A******* (P******),873295872620.0,14,9,2,14,Pelaksanaan Fisik Revitalisasi Rumah Susun Marunda Cluster C,DINAS PERUMAHAN RAKYAT DAN KAWASAN PERMUKIMAN,Provinsi DKI Jakarta,[TIDAK DITEMUKAN] P* B****** A******* (P******),0.0,,none,SI_NonICT_Bidang_Pembangunan_Ekonomi_dan_Infrastruktur.csv
6,PT. Pembangunan Perumahan (Persero)  Tbk,857243356000.0,9,9,2,9,Pelaksanaan Fisik Pembangunan Rumah Susun Rorotan IX Tahap I,DINAS PERUMAHAN RAKYAT DAN KAWASAN PERMUKIMAN,Provinsi DKI Jakarta,PT. Pembangunan Perumahan (Persero)  Tbk,100.0,,original,SI_NonICT_Bidang_Pembangunan_Ekonomi_dan_Infrastruktur.csv
7,P* A*** K**** (P******) T**,844708583000.0,6,6,2,6,Rehabilitasi Jaringan Irigasi pada D.I./D.I.R Kewenangan Daerah di Provinsi Kalimantan Selatan (Paket 1),694224,Kementerian Pekerjaan Umum,[TIDAK DITEMUKAN] P* A*** K**** (P******) T**,0.0,,none,SI_NonICT_Bidang_Pembangunan_Ekonomi_dan_Infrastruktur.csv
8,PT. NINDYA KARYA (Persero),605518071000.0,6,6,1,6,Rehabilitasi Jaringan Irigasi pada D.I./D.I.R Kewenangan Daerah di Provinsi Kalimantan Selatan (paket 2),694224,Kementerian Pekerjaan Umum,PT. NINDYA KARYA (Persero),100.0,,original,SI_NonICT_Bidang_Pembangunan_Ekonomi_dan_Infrastruktur.csv
9,P*. W***** K**** (P******) T**.,381480328000.0,8,6,1,7,Rehabilitasi Jaringan Utama D.I. Kewenangan Daerah di Provinsi Sulawesi Selatan (Paket II),SNVT PELAKSANAAN JARINGAN PEMANFAATAN AIR POMPENGANJENEBERANG PROVINSI SULAWESI SELATAN,Kementerian Pekerjaan Umum,[TIDAK DITEMUKAN] P*. W***** K**** (P******) T**.,0.0,,none,SI_NonICT_Bidang_Pembangunan_Ekonomi_dan_Infrastruktur.csv
10,PT. ASI Pudjiastuti Aviation,242413804000.0,13,12,1,12,Angkutan Udara Perintis Penumpang,BANDAR UDARA JUWATA DI TARAKAN,Kementerian Perhubungan,PT. ASI Pudjiastuti Aviation,100.0,,original,SI_NonICT_Bidang_Pembangunan_Ekonomi_dan_Infrastruktur.csv
11,PT BRANTAS ABIPRAYA (Persero),194850234000.0,7,5,1,7,Rehabilitasi Jaringan Utama D.I Kewenangan Daerah di Provinsi Bangka Belitung,SNVT PELAKSANAAN JARINGAN PEMANFAATAN AIR BANGKA BELITUNG,Kementerian Pekerjaan Umum,PT BRANTAS ABIPRAYA (Persero),100.0,,original,SI_NonICT_Bidang_Pembangunan_Ekonomi_dan_Infrastruktur.csv
12,W***** S****** N********,123114094844.0,5,5,1,5,Peningkatan Fasilitas Pelabuhan Panarukan,KANTOR KESYAHBANDARAN DAN OTORITAS PELABUHAN PANARUKAN,Kementerian Perhubungan,WIRA SATRIA NUSANTARA,88.89,"WINDI SARI NESARE (87.44) | Warung sembako marpongah - Novi, Yeni septiana putri, Yeni septiana putri, yeni, yeni, yeni (32.19) | Warung Rica-Rica (Penjual Tanaman),Toko Bangunan Fajar Jaya,Bintang Jaya,Toko Sinar Abadi I,Toko Bangunan Fajar Jaya,Toko Diamond,Glory Motor,Toko Matahari,Akong Nawawi,Bintang Jaya,Akong Nawawi,Toko Family,Toko Matahari,Akong Nawawi,TB Naga Kapuas,TITA MM,Fajar Abadi,Restu Meubel,TB Naga Kapuas,Toko Bangunan Fajar Jaya,Toko Sinar Abadi,TB Naga Kapuas,Akong Nawawi,Toko Diamond,Toko Citra Kapuas,Fajar Abadi,Jawa Teknik,SUYATNO,SUKAMTO,SUKAMTO,Gudang IX,Akong Nawawi,Akong Nawawi,Toko Bangunan Fajar Jaya,Toko Matahari,Akong Nawawi,TB Naga Kapuas,Lie Cell,Glory Motor,Toko Matahari,Toko Matahari,TB Naga Kapuas,Sawmil Semoga Berkah,Akong Nawawi,TB Naga Kapuas,Toko Bangunan Fajar Jaya,TB Naga Kapuas,TB Naga Kapuas,TB Naga Kapuas,Toko Family,Toko Rizky Lestari,TB Naga Kapuas,TB Naga Kapuas,Akong Nawawi,Sawmil Semoga Berkah,Toko Sinar Abadi I,TB Naga Kapuas,TB Naga Kapuas,Akong Nawawi,TB Naga Kapuas,Toko Diamond,Toko Bangunan Fajar Jaya,Lie Cell,Bintang Pacifik,TB Naga Kapuas,Toko Rizky Lestari,Toko Central Bangunan,Toko Matahari,Toko Diamond,TB Naga Kapuas,TB Naga Kapuas,Toko Sahabat Zaitun,Lie Cell,Somel Famili,Fortuna Pom Mini ,TB Naga Kapuas,TB Naga Kapuas,Somel Famili,Akong Nawawi,Lie Cell (13.66)",sql,SI_NonICT_Bidang_Pembangunan_Ekonomi_dan_Infrastruktur.csv
13,PT. SMART CAKRAWALA AVIATION,123057803000.0,5,5,1,5,ANGKUTAN UDARA PERINTIS PENUMPANG,BANDAR UDARA KAREL SADSUITUBUN TUAL,Kementerian Perhubungan,PT. SMART CAKRAWALA AVIATION,100.0,,original,SI_NonICT_Bidang_Pembangunan_Ekonomi_dan_Infrastruktur.csv
14,VARAS RATUBADIS PRAMBANAN,116889095939.0,13,7,1,5,Pembangunan/ Perkuatan Tebing Tanggul Saluran Penghubung (Phb) Tarian Raya Don Bosco PR. 0 - PR. 3A,SUKU DINAS SUMBER DAYA AIR KOTA ADMINISTRASI JAKARTA UTARA,Provinsi DKI Jakarta,VARAS RATUBADIS PRAMBANAN,100.0,,original,SI_NonICT_Bidang_Pembangunan_Ekonomi_dan_Infrastruktur.csv
15,ASDP INDONESIA FERRY,112775526000.0,35,12,1,26,"Penyelenggaraan Keperintisan Angkutan - Penyeberangan Lintas NUNUKAN - TARAKAN, NUNUKAN - SIMENGGARIS",BALAI PENGELOLA TRANSPORTASI DARAT KELAS III KALIMANTAN UTARA,Kementerian Perhubungan,ASDP INDONESIA FERRY,100.0,,original,SI_NonICT_Bidang_Pembangunan_Ekonomi_dan_Infrastruktur.csv
16,PT HUTAMA PRIMA,96057931120.0,20,10,2,8,Pengadaan Bahan Kerja Hotmix,DINAS BINA MARGA,Provinsi DKI Jakarta,PT HUTAMA PRIMA,100.0,,original,SI_NonICT_Bidang_Pembangunan_Ekonomi_dan_Infrastruktur.csv
17,PT.Bina Cipta Utama,61918903500.0,5,5,3,4,Pembangunan Pengendalian Banjir Batang Agam Kota Payakumbuh (Tahap II); 1.2 Km; 6 Hektar; F; K; SYC,694187,Kementerian Pekerjaan Umum,PT.Bina Cipta Utama,100.0,,original,SI_NonICT_Bidang_Pembangunan_Ekonomi_dan_Infrastruktur.csv
18,PT.ASTON PRIMA RAYA,61720627428.0,12,9,2,8,Pemeliharaan Berkala Jalan di Kota Administrasi Jakarta Barat Kecamatan Kembangan 2 (Pekerjaan Konstruksi),SUKU DINAS BINA MARGA KOTA - JAKBAR,Provinsi DKI Jakarta,PT.ASTON PRIMA RAYA,100.0,,original,SI_NonICT_Bidang_Pembangunan_Ekonomi_dan_Infrastruktur.csv
19,PT. PRIMA PERFORMA INFRASTRUKTUR,58166792172.0,12,8,3,7,PRESERVASI JALAN RAYA KEDUNGHALANG - BTS. KOTA JASINGA - BOGOR - CIAWI (JLN. RAYA TAJUR),693870,Kementerian Pekerjaan Umum,PT. PRIMA PERFORMA INFRASTRUKTUR,100.0,,original,SI_NonICT_Bidang_Pembangunan_Ekonomi_dan_Infrastruktur.csv
20,PT. KARYA MENTARI SERAYA,55321142340.0,14,7,1,10,Pengadaan Meubelair Renovasi Sekolah Rakyat Tahap Ic Kota Palangka Raya,691299,Kementerian Pekerjaan Umum,PT. KARYA MENTARI SERAYA,100.0,,original,SI_NonICT_Bidang_Pembangunan_Ekonomi_dan_Infrastruktur.csv
1,PT COMPLUS SISTEM SOLUSI,56655056300.0,55,5,34,37,Belanja Modal Alat Peraga Praktik Sekolah Lainnya - Pengadaan Alat Praktik dan Peraga Peserta Didik SD,DINAS PENDIDIKAN DAN KEBUDAYAAN,Kab. Wonogiri,PT COMPLUS SISTEM SOLUSI,100.0,,original,SI_NonICT_Bidang_Pendidikan.csv
2,PURA BARUTAMA,24347516000.0,7,7,4,4,Pengadaan barang persediaan administrasi akademik,POLITEKNIK KESEHATAN TANJUNGKARANG,Kementerian Kesehatan,PURA BARUTAMA,100.0,,original,SI_NonICT_Bidang_Pendidikan.csv
3,AYOOKLIK AIRMAS PERKASA,22388661640.0,16,13,4,10,Bantuan Peralatan Pembelajaran MDT,DITJEN PENDIDIKAN ISLAM 426302,Kementerian Agama,AYOOKLIK AIRMAS PERKASA,100.0,,original,SI_NonICT_Bidang_Pendidikan.csv
4,PT. PERURI WIRA TIMUR,15821218000.0,8,6,3,6,Pengadaan Blanko Ijazah,INSTITUT TEKNOLOGI KALIMANTAN,"Kementerian Pendidikan Tinggi, Sains, dan Teknologi",PT. PERURI WIRA TIMUR,100.0,,original,SI_NonICT_Bidang_Pendidikan.csv
5,RAPIH JAYA,14539619000.0,18,13,6,13,Jas Almamater,POLITEKNIK KESEHATAN BANJARMASIN,Kementerian Kesehatan,RAPIH JAYA,100.0,,original,SI_NonICT_Bidang_Pendidikan.csv
6,METRA - NET,14102565500.0,11,9,5,6,Belanja Jasa Kontribusi Asosiasi_SMKN Kota Yogyakarta_BALAI DIKMEN KOTA YOGYAKARTA,BALAI PENDIDIKAN MENENGAH KOTA YOGYAKARTA,Provinsi DI Yogyakarta,METRA - NET,100.0,,original,SI_NonICT_Bidang_Pendidikan.csv
7,PT PRIMA KARYA SARANA SEJAHTERA,13690097995.0,10,6,5,6,Pengadaan Jasa Outsourcing,POLITEKNIK KESEHATAN MATARAM,Kementerian Kesehatan,PT PRIMA KARYA SARANA SEJAHTERA,100.0,,original,SI_NonICT_Bidang_Pendidikan.csv
8,PT Adi Sarana Armada Tbk,12589164000.0,16,14,7,13,Sewa Kendaraan Operasional Pejabat,Politeknik ATI Makassar,Kementerian Perindustrian,PT Adi Sarana Armada Tbk,100.0,,original,SI_NonICT_Bidang_Pendidikan.csv
9,ANUGRAH PRATAMA,12480864360.0,14,7,8,11,Printer,DINAS PENDIDIKAN DAN KEBUDAYAAN,Kota Mojokerto,ANUGRAH PRATAMA,100.0,,original,SI_NonICT_Bidang_Pendidikan.csv
10,DATASCRIP,12480589000.0,13,8,5,7,Kursi Sofa dan Meja,POLITEKNIK KESEHATAN JAMBI,Kementerian Kesehatan,DATASCRIP,100.0,,original,SI_NonICT_Bidang_Pendidikan.csv
11,PERUSAHAAN PERSEROAN (PERSERO) PT. TELEKOMUNIKASI INDONESIA,12225878443.0,8,7,5,6,Bandwith,UIN MAKASSAR 307314,Kementerian Agama,PERUSAHAAN PERSEROAN (PERSERO) PT. TELEKOMUNIKASI INDONESIA,100.0,,original,SI_NonICT_Bidang_Pendidikan.csv
12,DELTA FURINDOTAMA,11998061680.0,8,5,5,5,Pembelian Barang Kebutuhan Asrama,POLITEKNIK KESEHATAN JAKARTA II,Kementerian Kesehatan,DELTA FURINDOTAMA,100.0,,original,SI_NonICT_Bidang_Pendidikan.csv
13,C*. A**** K****,11785922336.0,8,6,5,7,Konstruksi Pembangunan Gedung Ruang Kelas MI Tipe 1 Pada MIN 1 Morotai,KANWIL KEMENTERIAN AGAMA PROP MALUKU UTARA 626378,Kementerian Agama,CV. ANEKA KARYA,93.57,CV. ARDAN KARYA (93.57) | CV. ALTHA KARYA (93.57) | CV. AGUNG KARYA (93.57),regex,SI_NonICT_Bidang_Pendidikan.csv
14,ISS INDONESIA,10739479500.0,10,8,2,4,Jasa Tenaga Kebersihan dan Keamanan Kantor,KGTK PROVINSI KEPULAUAN BANGKA BELITUNG,Kementerian Pendidikan Dasar dan Menengah,ISS INDONESIA,100.0,,original,SI_NonICT_Bidang_Pendidikan.csv
15,JAWARA MERAKI NUSANTARA,10239095725.0,8,6,4,4,Pengadaan Perangkat Pengolah Data,KANWIL KEMENTERIAN AGAMA PROP NUSA TENGGARA TIMUR 423146,Kementerian Agama,JAWARA MERAKI NUSANTARA,100.0,,original,SI_NonICT_Bidang_Pendidikan.csv
16,PT SERASI AUTORAYA,9656906000.0,15,15,4,12,Sewa Mobil Operasional Sekretariat Jenderal,KANWIL KEMENTERIAN AGAMA PROP KALIMANTAN UTARA 417696,Kementerian Agama,PT SERASI AUTORAYA,100.0,,original,SI_NonICT_Bidang_Pendidikan.csv
17,SERASI AUTORAYA,9512312857.0,20,15,11,15,Pengadaan Sewa Kendaraan Operasional Pejabat Eselon I ISBI Bandung 2025,INSTITUT SENI BUDAYA INDONESIA BANDUNG,"Kementerian Pendidikan Tinggi, Sains, dan Teknologi",SERASI AUTORAYA,100.0,,original,SI_NonICT_Bidang_Pendidikan.csv
18,INDOAKSES INFO DUNIA,9470469000.0,10,9,3,10,Langganan E-Journal Konsorsium UIN Sunan Ampel Surabaya Tahun 2025,UIN SUNAN AMPEL SURABAYA 423770,Kementerian Agama,INDOAKSES INFO DUNIA,100.0,,original,SI_NonICT_Bidang_Pendidikan.csv
19,C*. A***** P******,9243960760.0,9,5,8,8,Rehabilitasi Sedang Ruang Kelas Sekolah SMAN 1 Susukan Cabang Dinas Pendidikan Wilayah I,DINAS PENDIDIKAN DAN KEBUDAYAAN,Provinsi Jawa Tengah,CV. ADITYA PERSADA,92.5,CV. ADELIA PRATAMA (92.5) | CV. AMALIA PERSADA (92.5) | CV. ADITRA PERKASA (92.5),regex,SI_NonICT_Bidang_Pendidikan.csv
20,C*. K*******,8500819300.0,11,5,7,8,Jasa Konstruksi Pembangunan Gedung PLHUT Kota Sorong Melalui Dana SBSN,KANWIL KEMENTERIAN AGAMA PROVINSI PAPUA BARAT 568562,Kementerian Agama,C.V.SOSRO KARYA,88.32,"C.V. KARYA MAKMUR MAUMERE (61.34) | C.V. HANDA KARYA (57.25) | C. Garing, C. Garing, Djefry Lolaroh, Enos Makagansa, Rifdar Katiandagho, Y. Manangkalangi, S.Ap, Y. Manangkalangi, S.Ap, Yosman Limpong (22.18)",sql,SI_NonICT_Bidang_Pendidikan.csv
1,CV. BERKAT ANUGRAH,216067140000.0,17,14,2,13,PAKET VIII TUTUP KAKI (SEPATU DISLAP DAN DISHAR) (E-PURCHASING),ROLOG POLDA METRO JAYA,Kepolisian Negara Republik Indonesia,CV. BERKAT ANUGRAH,100.0,,original,SI_NonICT_Bidang_Pertahanan.csv
2,PT.HASTI ANUGRAH NUSANTARA,191093181800.0,33,20,1,22,PAKET 52 KAPOR DIKTUK BINTARA DAN TAMTAMA TA.2025 BERUPA PDL II TWO TONE,SLOG POLRI,Kepolisian Negara Republik Indonesia,PT.HASTI ANUGRAH NUSANTARA,100.0,,original,SI_NonICT_Bidang_Pertahanan.csv
3,PT. BALI MUKTI SHOE FACTORY,174547146000.0,9,5,1,6,PAKET 17 KAPOR POLRI TA. 2025 BERUPA SEPATU DISLAP INTELKAM TACTICAL DLL 3 ITEM,SLOG POLRI,Kepolisian Negara Republik Indonesia,PT. BALI MUKTI SHOE FACTORY,100.0,,original,SI_NonICT_Bidang_Pertahanan.csv
4,PT GAJAH MITRA PARAGON,170072303000.0,14,13,3,13,PENGADAAN KAPOR POLRI I,ROLOG POLDA BABEL,Kepolisian Negara Republik Indonesia,PT GAJAH MITRA PARAGON,100.0,,original,SI_NonICT_Bidang_Pertahanan.csv
5,GARUDA ZEIN PREMIUM,167162402000.0,22,16,1,16,PENGADAAN KAPOR POLRI PAKET IV (EMPAT) BIRO LOGISTIK POLDA GORONTALO T.A 2025,ROLOG POLDA GORONTALO,Kepolisian Negara Republik Indonesia,GARUDA ZEIN PREMIUM,100.0,,original,SI_NonICT_Bidang_Pertahanan.csv
6,PT. Kimia Farma Tbk,97690573611.0,7,6,2,5,Pengadaan Obat - obatan Poliklinik,BIDDOKKES POLDA PAPUA,Kepolisian Negara Republik Indonesia,PT. Kimia Farma Tbk,100.0,,original,SI_NonICT_Bidang_Pertahanan.csv
7,MARMIN,60896633000.0,13,5,2,5,Top Overhaul ME P/S KN Jembio-P.215,PANGKALAN PENJAGAAN LAUT DAN PANTAI TANJUNG PRIOK,Kementerian Perhubungan,MARMIN,100.0,,original,SI_NonICT_Bidang_Pertahanan.csv
8,CV. MITRA ARTHA CEMERLANG,58941676000.0,12,5,1,6,PAKET 55 KAPOR DIKTUK BINTARA DAN TAMTAMA TA.2025 BERUPA TRAININGPACK W/MERAH MARON,SLOG POLRI,Kepolisian Negara Republik Indonesia,CV. MITRA ARTHA CEMERLANG,100.0,,original,SI_NonICT_Bidang_Pertahanan.csv
9,PT Panca Prima Maju Bersaudara,45222872000.0,10,7,1,8,PAKET 7 KAPOR POLRI TA. 2025 BERUPA PDH PNS PRIA DLL 3 ITEM,SLOG POLRI,Kepolisian Negara Republik Indonesia,PT Panca Prima Maju Bersaudara,100.0,,original,SI_NonICT_Bidang_Pertahanan.csv
10,PT. WIJAYA PUTRA PERKASA SELARAS,45059958000.0,6,6,2,5,Biaya Pemeliharaan Gedung/Bangunan Dalam Negeri (Layanan Perkantoran),BALITBANG KEMHAN,Kementerian Pertahanan,PT. WIJAYA PUTRA PERKASA SELARAS,100.0,,original,SI_NonICT_Bidang_Pertahanan.csv
11,CIPTA BERKAT ABADI,44533365000.0,6,5,1,5,PAKET XIII ROMPI (E-PURCHASING),ROLOG POLDA METRO JAYA,Kepolisian Negara Republik Indonesia,CIPTA BERKAT ABADI,100.0,,original,SI_NonICT_Bidang_Pertahanan.csv
12,GAJAH MITRA PARAGON,39599287000.0,6,5,2,5,PAKET 1 (TUTUP BADAN PDU I POLRI PRIA,ROLOG POLDA BANTEN,Kepolisian Negara Republik Indonesia,GAJAH MITRA PARAGON,100.0,,original,SI_NonICT_Bidang_Pertahanan.csv
13,BERKAT ANUGRAH,31244825000.0,6,5,2,5,Pengadan Baju Olahraga,ROLOG POLDA KALSEL,Kepolisian Negara Republik Indonesia,BERKAT ANUGRAH,100.0,,original,SI_NonICT_Bidang_Pertahanan.csv
14,ADE PUTRA MEGANTARA,25149053000.0,1139,24,1,10,Kegiatan Bintal Tahap I,SATKOMLEK TNI MB TNI,Kementerian Pertahanan,ADE PUTRA MEGANTARA,100.0,,original,SI_NonICT_Bidang_Pertahanan.csv
15,WALUYASARANA SEJATI,20588482000.0,10,5,1,6,Belanja Pengadaan Bahan Makanan,PUSDIK BINMAS POLRI,Kepolisian Negara Republik Indonesia,WALUYASARANA SEJATI,100.0,,original,SI_NonICT_Bidang_Pertahanan.csv
16,SHAREEN WIJAYA PRATAMA,17043508000.0,869,9,1,12,TAHAP PERSIAPAN USJM PERORANGAN BATALYON ARHANUD 9/AWJ,Makodam IX Udy TNI AD,Kementerian Pertahanan,SHAREEN WIJAYA PRATAMA,100.0,,original,SI_NonICT_Bidang_Pertahanan.csv
17,kayarayabahagia,16558696000.0,5,5,1,5,PAKET 32 KAPOR POLRI TA. 2025 BERUPA JAS RESKRIMLENGKAP,SLOG POLRI,Kepolisian Negara Republik Indonesia,kayarayabahagia,100.0,,original,SI_NonICT_Bidang_Pertahanan.csv
18,APRIAZI,16110058500.0,198,8,1,4,Laporan Evaluasi (Jianbangdik) Dikba Hap Pengakhiran,Pusdikkowad Kodiklatad TNI AD,Kementerian Pertahanan,APRIAZI,100.0,,original,SI_NonICT_Bidang_Pertahanan.csv
19,AMANAH,13665495000.0,492,12,1,7,Snack (Rapat - Rapat) Tahap Pelaksanaan Dikbangspesba,Pusdikarhanud Pussenarhanud TNI AD,Kementerian Pertahanan,AMANAH,100.0,,original,SI_NonICT_Bidang_Pertahanan.csv
20,CAHAYA RIZKY MURNI,13490101000.0,278,8,1,5,KODIM 0507 KOTA BEKASI BELANJA BAHAN PENYUSUNAN LAPORAN EVALUASI PROGJAGAR SATKER,Kodim 0507 Kota Bekasi Dam Jaya TNI AD,Kementerian Pertahanan,CAHAYA RIZKY MURNI,100.0,,original,SI_NonICT_Bidang_Pertahanan.csv
1,ORBIT MITRA SEJATI,13040516000.0,22,18,2,9,"Pengadaan Pakaian Dinas Pegawai, Pramubakti, dan Pengemudi",KANTOR PELAYANAN KEKAYAAN NEGARA DAN LELANG JAKARTA V,Kementerian Keuangan,ORBIT MITRA SEJATI,100.0,,original,SI_NonICT_Bidang_Subsidi_Energi_dan_Non-Energi.csv
2,PT SATRIA PIRANTI PERKASA,10308910000.0,8,6,1,3,Sewa Kendaraan Dinas Eselon II,DIREKTORAT JENDERAL KETENAGALISTRIKAN,Kementerian Energi Dan Sumber Daya Mineral,PT SATRIA PIRANTI PERKASA,100.0,,original,SI_NonICT_Bidang_Subsidi_Energi_dan_Non-Energi.csv
3,SATRIA PIRANTI PERKASA,6582940000.0,7,6,1,3,Sewa Kendaraan Roda 4 Operasional Kantor BPH Migas,BADAN PENGATUR HILIR MINYAK DAN GAS BUMI BPH MIGAS,Kementerian Energi Dan Sumber Daya Mineral,SATRIA PIRANTI PERKASA,100.0,,original,SI_NonICT_Bidang_Subsidi_Energi_dan_Non-Energi.csv
4,-,3155835186.0,26,12,2,13,Spanduk/Baliho/Backdrop/X-banner/Roll-Banner/Sticker,Dinas Energi dan Sumber Daya Mineral,Provinsi Jawa Barat,-,100.0,,original,SI_NonICT_Bidang_Subsidi_Energi_dan_Non-Energi.csv
5,T********,2799303000.0,21,6,1,6,Biaya Pemeliharaan Kendaraan Dinas (Dilaksanakan secara berkala),KANTOR PENGAWASAN DAN PELAYANAN BC PASURUAN,Kementerian Keuangan,Terlampir,88.0,TIRTOYOSO (88.0) | TERAMEDIA (88.0) | terlampir (88.0),sql,SI_NonICT_Bidang_Subsidi_Energi_dan_Non-Energi.csv
6,P*. D********* M**** A*****,1965583000.0,8,5,2,7,Konsultansi Pengawasan Pemeliharaan Rutin Jalan di Kabupaten Bantul,"DINAS PEKERJAAN UMUM, PERUMAHAN DAN ENERGI SUMBER DAYA MINERAL",Provinsi DI Yogyakarta,PT. DARMASRAYA MITRA AMERTA,91.86,PT. Dzulrizka Mandiri Abadi (91.86) | PT. Denma Medika Alkesindo (91.5) | PT. DELTA MAHARDIKA ARIA (90.83),regex,SI_NonICT_Bidang_Subsidi_Energi_dan_Non-Energi.csv
7,P* P** I********,1192204000.0,18,17,3,16,Belanja Pengiriman Surat Dinas Pos,KANTOR PELAYANAN PERBENDAHARAAN NEGARA MANNA,Kementerian Keuangan,PT POS INDONESIA,92.14,PT Pos Indonesia (92.14) | PT POS Indonesia (92.14) | pt pos indonesia (92.14),sql,SI_NonICT_Bidang_Subsidi_Energi_dan_Non-Energi.csv
8,P********,772106000.0,14,11,2,12,Pengadaan BBM Genset pada KPP Pratama Surabaya Genteng,KANTOR PELAYANAN PAJAK PRATAMA SURABAYA GENTENG,Kementerian Keuangan,Pertamina,88.0,PRIMATAMA (88.0) | Primkopal (88.0) | PATMONOBO (88.0),sql,SI_NonICT_Bidang_Subsidi_Energi_dan_Non-Energi.csv
9,P** I********,577735000.0,12,12,2,11,Pengadaan Meterai Tempel pada KPP Pratama Surabaya Genteng,KANTOR PELAYANAN PAJAK PRATAMA SURABAYA GENTENG,Kementerian Keuangan,POS Indonesia,90.62,Pos Indonesia (90.62) | POS INDONESIA (90.62) | PELANGI INDAH (90.62),sql,SI_NonICT_Bidang_Subsidi_Energi_dan_Non-Energi.csv
10,G**** T***********,461660000.0,6,6,1,5,Belanja Sewa Mesin Fotokopi pada KPDDP Makassar TA 2025,KANTOR PENGOLAHAN DATA DAN DOKUMEN PERPAJAKAN MAKASSAR,Kementerian Keuangan,GALVA TECHNOLOGIES,89.29,Graha Teknomedika (88.67) | Gajahmada Toserba (88.67) | Global Technology (88.67),sql,SI_NonICT_Bidang_Subsidi_Energi_dan_Non-Energi.csv
11,S*****,328394360.0,5,5,2,5,Pengadaan obat-obatan,KANTOR PELAYANAN PAJAK MADYA DUA SEMARANG,Kementerian Keuangan,SYELLA,89.29,SOFIAH (89.29) | SYSCAL (89.29) | SRIONO (89.29),sql,SI_NonICT_Bidang_Subsidi_Energi_dan_Non-Energi.csv
12,P***,151336000.0,6,6,1,6,Belanja Langganan Air (Bertahap),KANTOR PELAYANAN PAJAK PRATAMA SUKOHARJO,Kementerian Keuangan,PPSU,91.0,PJLP (91.0) | ppsu (91.0) | PDAM (91.0),sql,SI_NonICT_Bidang_Subsidi_Energi_dan_Non-Energi.csv
13,Pertamina,95663000.0,5,5,1,5,Pengadaan Jasa Pemeliharaan Kendaraan Bermotor Khusus Lainnya,KANTOR PENGAWASAN DAN PELAYANAN BC TANJUNG PERAK,Kementerian Keuangan,Pertamina,100.0,,original,SI_NonICT_Bidang_Subsidi_Energi_dan_Non-Energi.csv
1,"PT. Telekomunikasi Indonesia, Tbk.",54666113400.0,11,7,7,7,Intranet Bapenda Jabar,Dinas Komunikasi dan Informatika,Provinsi Jawa Barat,"PT. Telekomunikasi Indonesia, Tbk.",100.0,,original,SI_NonICT_Jawa.csv
2,DUATIGA DUATIGA AKSA,19135919040.0,10,5,1,5,Penyediaan Fasilitas Sarana Produksi dalam Penyelenggaraan Penumbuhan Wirausaha Industri Baru Wilayah Jakarta Barat (Vacuum Sealer),"SUKU DINAS PERINDUSTRIAN, PERDAGANGAN, KOPERASI, USAHA KECIL DAN MENENGAH KOTA - JAKBAR",Provinsi DKI Jakarta,DUATIGA DUATIGA AKSA,100.0,,original,SI_NonICT_Jawa.csv
3,MILANDRY BERKAT ANUGERAH,17583745132.0,16,7,2,7,"Penyediaan Belanja Alat Sarpras Produksi Penumbuhan WUIB (Mixer, Vacum Sealer, Chopper dan Mesin Jahit)","SUKU DINAS PERINDUSTRIAN, PERDAGANGAN, KOPERASI, USAHA KECIL DAN MENENGAH KABUPATEN - KEP. SERIBU",Provinsi DKI Jakarta,MILANDRY BERKAT ANUGERAH,100.0,,original,SI_NonICT_Jawa.csv
4,PT. ARIDAS KARYA SATRIA,8980723600.0,9,5,8,8,Belanja Alat/Bahan untuk Kegiatan Kantor- Bahan Cetak,BADAN PENDAPATAN DAERAH,Kab. Subang,PT. ARIDAS KARYA SATRIA,100.0,,original,SI_NonICT_Jawa.csv
5,S******,8905938146.0,19,15,13,15,"Belanja Jasa Konsultansi Berorientasi Layanan-Jasa Khusus Pemajuan, Perlindungan, dan Pemenuhan Hak-hak Penyandang Disabilitas",Badan Perencanaan Pembangunan Daerah,Kota Yogyakarta,Sumiati,88.75,SEPULUH (88.75) | SADIVDA (88.75) | Sarjono (88.75),sql,SI_NonICT_Jawa.csv
6,A****,7090240442.0,13,8,7,7,B.1.SBU.128-Iuran As Number,DINAS KOMUNIKASI DAN INFORMATIKA,Kab. Gresik,AMALI,90.0,AMIRA (90.0) | AISYA (90.0) | ANEKA (90.0),sql,SI_NonICT_Jawa.csv
7,TEMPO INTI MEDIA HARIAN,5777987588.0,5,5,4,4,Kemitraan Strategis untuk Pengembangan Ekosistem Riset dan Inovasi,PUSAT RISET DAN INOVASI DAERAH,Provinsi DKI Jakarta,TEMPO INTI MEDIA HARIAN,100.0,,original,SI_NonICT_Jawa.csv
8,PT HUTA INSPIRA,4848475583.0,11,6,3,5,Belanja Jasa Tenaga Kebersihan,"Dinas Perdagangan dan Koperasi, Usaha Kecil dan Menengah",Kab. Wonosobo,PT HUTA INSPIRA,100.0,,original,SI_NonICT_Jawa.csv
9,RAY MITRA PERKASA,4289323000.0,19,17,2,17,Belanja Jasa Keamanan UPPD Kabupaten Magelang,BADAN PENGELOLA PENDAPATAN DAERAH,Provinsi Jawa Tengah,RAY MITRA PERKASA,100.0,,original,SI_NonICT_Jawa.csv
10,PT Adi Sarana Armada Tbk,2908690000.0,6,5,5,5,Belanja Sewa Kendaraan Bermotor Penumpang,DINAS PERDAGANGAN DAN PERINDUSTRIAN,Kab. Bandung,PT Adi Sarana Armada Tbk,100.0,,original,SI_NonICT_Jawa.csv
11,MUMRAJAYA RIMBARA LESTARI,2582486420.0,12,6,1,4,Fasilitasi dan Pembinaan untuk Promosi dan Kampanye Inovasi (Belanja Jasa Konsultasi-IGA),PUSAT RISET DAN INOVASI DAERAH,Provinsi DKI Jakarta,MUMRAJAYA RIMBARA LESTARI,100.0,,original,SI_NonICT_Jawa.csv
12,PT. ADI DHARMA ABADI,2516873665.0,6,6,2,3,PENGADAAN TENAGA JASA KEAMANAN DAN KEBERSIHAN PUSLITBANG POLRI T.A. 2025,PUSLITBANG POLRI,Kepolisian Negara Republik Indonesia,PT. ADI DHARMA ABADI,100.0,,original,SI_NonICT_Jawa.csv
13,P**,2202720000.0,7,7,4,6,Belanja Tagihan Listrik,"Dinas Koperasi, Usaha Kecil, Menengah dan Perdagangan",Kab. Temanggung,PLN,92.5,POS (92.5) | pln (92.5) | pos (92.5),sql,SI_NonICT_Jawa.csv
14,PT. SUPERINTENDING COMPANY OF INDONESIA,2045402900.0,8,6,5,5,Indeks Kota Layak Huni;,Badan Perencanaan Pembangunan Daerah,Kota Kediri,PT. SUPERINTENDING COMPANY OF INDONESIA,100.0,,original,SI_NonICT_Jawa.csv
15,ADI SARANA ARMADA,1972827000.0,8,6,4,3,Belanja Sewa,Biro Advokasi Perdagangan,Kementerian Perdagangan,ADI SARANA ARMADA,100.0,,original,SI_NonICT_Jawa.csv
16,ABADI GEMA NUSANTARA,1942284508.0,13,7,2,5,Pengadaan Peralatan dan Mesin Lainnya - Belanja Modal Alat Penyimpan Perlengkapan Kantor,"SUKU DINAS PERINDUSTRIAN, PERDAGANGAN, KOPERASI, USAHA KECIL DAN MENENGAH KOTA - JAKBAR",Provinsi DKI Jakarta,ABADI GEMA NUSANTARA,100.0,,original,SI_NonICT_Jawa.csv
17,-,1922855000.0,15,7,3,7,Belanja Langganan Jurnal/Surat Kabar/Majalah (UMUM08),Dinas Perindustrian dan Perdagangan,Provinsi Jawa Barat,-,100.0,,original,SI_NonICT_Jawa.csv
18,PRIMA KARYA SARANA SEJAHTERA,1805685000.0,5,5,1,5,Biaya Jasa Manajemen Building,BADAN PUSAT STATISTIK KAB CIREBON,Badan Pusat Statistik,PRIMA KARYA SARANA SEJAHTERA,100.0,,original,SI_NonICT_Jawa.csv
19,PT. GARUDA MAS RENTALINDO,1672895641.0,5,5,3,3,Penyediaan Sewa Mesin Foto Copy,"SUKU DINAS KOMUNIKASI, INFORMATIKA DAN STATISTIK KOTA - JAKUT",Provinsi DKI Jakarta,PT. GARUDA MAS RENTALINDO,100.0,,original,SI_NonICT_Jawa.csv
20,P*. C******** S********* I********,1665328211.0,21,15,16,17,Jasa konsultansi berorientasi bidang Telematika (Penyusunan Survey Kepuasan Masyarakat),Dinas Komunikasi dan Informatika,Kab. Grobogan,PT. CEMERLANG STATISTIKA INDONESIA,90.71,PT. CONSTRUCTION SERVICE INDONESIA (90.71) | PT Cemerlang Statistika Indonesia (89.68) | PT. Citra Sarana Infotama (88.3),regex,SI_NonICT_Jawa.csv
1,P*. A****** J****** N******** (P******),45821671294.0,7,5,3,5,Manajemen Konstruksi Lanjutan Rehab Pasar Pagi Kota Samarinda,Dinas Pekerjaan Umum dan Penataan Ruang Kota Samarinda,Kota Samarinda,[TIDAK DITEMUKAN] P*. A****** J****** N******** (P******),0.0,,none,SI_NonICT_Kalimantan.csv
2,CV. MENTARI,39617347800.0,11,5,4,4,embangunan Saluran Drainase Kawasan Permukiman Kumuh Kel. Jingah,"Dinas Perumahan Rakyat, Kawasan Permukiman dan Pertanahan",Kab. Barito Utara,CV. MENTARI,100.0,,original,SI_NonICT_Kalimantan.csv
3,C*.A**** J***,25571583000.0,14,6,5,5,Perluasan Jaringan Perpipaan SPAM Dumaring,Dinas Pekerjaan Umum dan Penataan Ruang,Kab. Berau,[TIDAK DITEMUKAN] C*.A**** J***,0.0,,none,SI_NonICT_Kalimantan.csv
4,C*. A****,23043768358.0,21,7,8,7,Pembuatan Bangunan Pelindung Pantai Takisung Kecamatan Takisung,"Dinas Pekerjaan Umum, Penataan Ruang dan Pertanahan",Kab. Tanah Laut,c.v asumi XXVI,76.31,C.V. Ahdias Bangun Usaha (59.91) | C.V. ANTA WIGUNA SEJAHTERA (59.19),sql,SI_NonICT_Kalimantan.csv
5,C*. S**** J***,17439650000.0,8,5,5,4,Rekonstruksi Jalan Marawan Lama - Gunung Rantau,DINAS PEKERJAAN UMUM DAN PENATAAN RUANG,Kab. Barito Selatan,CV. SURYA JAYA,94.0,CV. SUBUR JAYA (94.0) | CV. SEKAR JAYA (94.0) | CV. SETYA JAYA (94.0),regex,SI_NonICT_Kalimantan.csv
6,CAHAYA MAS CEMERLANG,12808777000.0,31,6,8,9,Pengadaan Tangki Septik Biofil,Dinas Pekerjaan Umum dan Penataan Ruang,Kab. Barito Utara,CAHAYA MAS CEMERLANG,100.0,,original,SI_NonICT_Kalimantan.csv
7,C*. N*****,9073620601.0,18,7,6,7,Jl. A. Hamid HS (Desa Pasir Palembang),"Dinas Perumahan, Kawasan Permukiman dan Pertanahan",Kab. Mempawah,C.V. NUSANTARA BAKTI,72.5,,sql,SI_NonICT_Kalimantan.csv
8,C*. R*******,8184870250.0,9,7,5,5,Peningkatan Jaringan Irigasi Permukaan Daerah Irigasi Mangkurawang,Dinas Pekerjaan Umum,Kab. Kutai Kartanegara,"C. Garing, C. Garing, Djefry Lolaroh, Enos Makagansa, Rifdar Katiandagho, Y. Manangkalangi, S.Ap, Y. Manangkalangi, S.Ap, Yosman Limpong",22.18,,sql,SI_NonICT_Kalimantan.csv
9,P*. S**** T***** P******,8042077850.0,16,5,5,7,Perencanaan Optimalisasi SPAM Kampung Laham,"Dinas Pekerjaan Umum dan Penataan Ruang, Perumahan dan Kawasan Pemukiman",Kab. Mahakam Ulu,PT. Super Tehnik Pratama,92.5,PT. SINAR TERANG PERMAI (92.12) | PT. SUHARDA TIGA PUTRA (91.75) | PT. SYNUS TONERINDO PRIMA (91.67),regex,SI_NonICT_Kalimantan.csv
10,C*. R***** J*** A********,7982426700.0,27,7,8,12,Konsultan Supervisi Rehabilitasi Jalan Birayang - Tariwin - Lok Batu - Batu Mandi,DINAS PEKERJAAN UMUM DAN PENATAAN RUANG,Provinsi Kalimantan Selatan,CV. RAMIER JAYA ARKANANTA,92.27,CV. RAFLESIA JAYA ABADI (91.54) | CV. Rafelya Jaya Abadi (91.2) | CV. REGINDA JAYA ABADI (91.2),regex,SI_NonICT_Kalimantan.csv
11,c*. W******* K********,7681384000.0,16,5,4,5,DED Rehab Pasar Pagi Kota Samarinda Tahap 2,Dinas Pekerjaan Umum dan Penataan Ruang Kota Samarinda,Kota Samarinda,CV. WASKITA KONTRAKTOR,91.43,CV. WIJASENA KONSULTEK (91.43) | cv. Wangseja Konsultan (91.43) | CV. WIDJAYA KONSTRUKSI (91.43),regex,SI_NonICT_Kalimantan.csv
12,P*. W**** A*** B*******,7580456500.0,20,6,6,7,Pengawasan Pembangunan Rumah Dinas Asrama Kodim dan Bangunan Pendukung,DINAS PEKERJAAN UMUM DAN PENATAAN RUANG,Kab. Penajam Paser Utara,PT. WIDYA AIKA BERKARYA,92.74,PT. WINDENLEI ANUGRAH BERSAUDARA (86.78),regex,SI_NonICT_Kalimantan.csv
13,C*. M******,7267875000.0,17,6,7,7,Peningkatan Struktur Jalan Seringkong - Senajam,Dinas Pekerjaan Umum dan Penataan Ruang,Kab. Sanggau,C.V. MITOPII,91.25,c.v.cahaya mandala (84.62) | C.V. OCTAGON MULTI PLAN (41.62) | C.V. KARYA MAKMUR MAUMERE (40.74),sql,SI_NonICT_Kalimantan.csv
14,C*. R****,7185765920.0,10,7,6,6,Pembangunan Jalan Darok Bonti,"Dinas Perumahan Rakyat, Kawasan Permukiman dan Pertanahan",Kab. Sanggau,"C. Garing, C. Garing, Djefry Lolaroh, Enos Makagansa, Rifdar Katiandagho, Y. Manangkalangi, S.Ap, Y. Manangkalangi, S.Ap, Yosman Limpong",21.85,,sql,SI_NonICT_Kalimantan.csv
15,C*. F***** M***** C*********,7120386362.0,45,9,8,11,Konsultan Supervisi Rehabilitasi Jalan kawasan perkantoran,DINAS PEKERJAAN UMUM DAN PENATAAN RUANG,Provinsi Kalimantan Selatan,CV. FIAZTA MATRIX CONSULTANT,91.67,CV. FAKIH MULIA CONSTRUCTION (91.67),regex,SI_NonICT_Kalimantan.csv
16,C*.M**** T*** L******,6917082457.0,110,13,12,11,"Konsultan Pengawas Rehabilitasi Gedung Kantor Kecamatan Pelaihari, Kecamatan Bati-Bati dan Kecamatan Panyipatan","Dinas Pekerjaan Umum, Penataan Ruang dan Pertanahan",Kab. Tanah Laut,[TIDAK DITEMUKAN] C*.M**** T*** L******,0.0,,none,SI_NonICT_Kalimantan.csv
17,CV. TIKA KREATIF DESAIN KONSULTAN,6616756809.0,33,7,12,12,Konsultan Supervisi Rehabilitasi Jalan Pelaihari - Batakan,DINAS PEKERJAAN UMUM DAN PENATAAN RUANG,Provinsi Kalimantan Selatan,CV. TIKA KREATIF DESAIN KONSULTAN,100.0,,original,SI_NonICT_Kalimantan.csv
18,P*. P***** J*** K*********,6591165000.0,19,6,8,10,Konsultan Supervisi Rehabiltasi jalan Lumpangi - Loksado,DINAS PEKERJAAN UMUM DAN PENATAAN RUANG,Provinsi Kalimantan Selatan,PT. Prisma Jasa Konsulindo,92.06,PT. PRISMA JASA KONSULINDO (92.06) | PT. PILAR JAYA KONSTRUKSI (91.7) | PT. PRAWIRA JAYA KAHUTAMA (91.7),regex,SI_NonICT_Kalimantan.csv
19,C*.E****** B***** P******,6563794000.0,39,6,9,11,Perencanaan Teknis Rekonstruksi Jalan untuk Kegiatan DAK TA. 2026,Dinas Pekerjaan Umum dan Penataan Ruang,Kab. Pulang Pisau,[TIDAK DITEMUKAN] C*.E****** B***** P******,0.0,,none,SI_NonICT_Kalimantan.csv
20,p******** R***,6492549130.0,17,5,3,3,Pemeliharaan Jalan Masuk Pelabuhan Penyeberangan Juata,Dinas Perhubungan,Kota Tarakan,PRIMA RESOURCE,90.29,PAHRI RESWANTO (90.29) | PAMUJI RAHARJO (90.29) | PUTRA RAMADHAN (90.29),sql,SI_NonICT_Kalimantan.csv
1,PT. Kimia Farma Tbk,73811745931.0,31,13,20,18,Belanja Obat-Obatan-Obat,Rumah Sakit Umum Daerah,Kab. Halmahera Timur,PT. Kimia Farma Tbk,100.0,,original,SI_NonICT_Papua_-_Maluku.csv
2,PT.GLOBAL DISPOMEDIKA,70505625757.0,25,11,23,22,PENGADAAN OBAT E-CATALOG RS PRIMA TERNATE,RUMAH SAKIT PRIMA TERNATE,Fasilitas Kesehatan Swasta Provider Jaminan Kesehatan Nasional,PT.GLOBAL DISPOMEDIKA,100.0,,original,SI_NonICT_Papua_-_Maluku.csv
3,PT. MEPROFARM,36402989573.0,25,5,17,17,Belanja Obat-obatan RSUD Kwaingga (OTSUS),Dinas Kesehatan,Kab. Keerom,PT. MEPROFARM,100.0,,original,SI_NonICT_Papua_-_Maluku.csv
4,PT Jayamas Medica Industri,25556628692.0,23,11,16,15,Pengadaan APD_RM,RUMAH SAKIT UMUM PUSAT RSUP Dr J LEIMENA AMBON,Kementerian Kesehatan,PT Jayamas Medica Industri,100.0,,original,SI_NonICT_Papua_-_Maluku.csv
5,PT. SERENITY INDONESIA,19639792439.0,16,5,11,11,Pengadaan CO Analyzer,DINAS KESEHATAN,Kota Tidore Kepulauan,PT. SERENITY INDONESIA,100.0,,original,SI_NonICT_Papua_-_Maluku.csv
6,PT. Philips Indonesia Commercial,18341604710.0,5,5,5,4,Belanja Modal Alat Kedokteran ICU (DAK),Rumah Sakit Umum Daerah,Kab. Merauke,PT. Philips Indonesia Commercial,100.0,,original,SI_NonICT_Papua_-_Maluku.csv
7,PT Ethica Industri Farmasi,18253383352.0,8,7,7,7,Belanja Obat-Obatan BLUD,RSUD MIMIKA (BLUD),Kab. Mimika,PT Ethica Industri Farmasi,100.0,,original,SI_NonICT_Papua_-_Maluku.csv
8,EMPAT PILAR SUVARNA,13605426000.0,7,5,5,5,"Pengadaan Peralatan Teknologi, Informasi dan Komunikasi (TIK) SD Negeri 103 Halmahera Selatan",Dinas Pendidikan,Kab. Halmahera Selatan,EMPAT PILAR SUVARNA,100.0,,original,SI_NonICT_Papua_-_Maluku.csv
9,PT.Bernofarm,10921003118.0,49,10,14,13,Pengadaan bahan radiologi_RM,RUMAH SAKIT UMUM PUSAT RSUP Dr J LEIMENA AMBON,Kementerian Kesehatan,PT.Bernofarm,100.0,,original,SI_NonICT_Papua_-_Maluku.csv
10,PT Draeger Medical Indonesia,8591429611.0,7,5,5,5,Pemeliharaan Mesin Anastesi Drager,RUMAH SAKIT UMUM PUSAT RSUP Dr J LEIMENA AMBON,Kementerian Kesehatan,PT Draeger Medical Indonesia,100.0,,original,SI_NonICT_Papua_-_Maluku.csv
11,SOLUSI KLIK,6841234800.0,6,5,5,4,Belanja Modal Kendaraan Bermotor Beroda Tiga,Dinas Pemberdayaan Masyarakat dan Desa,Kab. Halmahera Timur,SOLUSI KLIK,100.0,,original,SI_NonICT_Papua_-_Maluku.csv
12,C*. K*******,5822872000.0,12,8,7,7,Rehabilitasi Sedang Ruang Perpustakaan SD Negeri 2 Afa-Afa(DAU),DINAS PENDIDIKAN,Kota Tidore Kepulauan,C.V.SOSRO KARYA,88.32,"C.V. KARYA MAKMUR MAUMERE (61.34) | C.V. HANDA KARYA (57.25) | C. Garing, C. Garing, Djefry Lolaroh, Enos Makagansa, Rifdar Katiandagho, Y. Manangkalangi, S.Ap, Y. Manangkalangi, S.Ap, Yosman Limpong (22.18)",sql,SI_NonICT_Papua_-_Maluku.csv
13,P.T. Dexa Medica,4253705300.0,15,9,9,8,Pengadaan Obat - RM,RUMAH SAKIT UMUM PUSAT RSUP Dr J LEIMENA AMBON,Kementerian Kesehatan,P.T. Dexa Medica,100.0,,original,SI_NonICT_Papua_-_Maluku.csv
14,M**** K**** M******,4105540860.0,6,6,4,3,Belanja Modal Bangunan Kesehatan - Pembangunan Baru Pustu Tokas - LPSE,DINAS KESEHATAN,Kab. Sorong Selatan,MUARA KENCANA MOTOR,91.25,MAHA KARYA MIGUNANI (91.25) | MITRA KERJA MANDIRI (91.25) | MITRA KARYA MANDIRI (91.25),sql,SI_NonICT_Papua_-_Maluku.csv
15,PT.POLY JAYA MEDIKAL,3960740802.0,5,5,4,4,Pengadaan E- Catalog Alat Kesehatan Gawat Darurat,Rumah Sakit Umum Labuha,Kab. Halmahera Selatan,PT.POLY JAYA MEDIKAL,100.0,,original,SI_NonICT_Papua_-_Maluku.csv
16,HASJRAT ABADI,3220167000.0,8,6,4,4,Pengadaan Motor Operasional Kantor 125 cc,Dinas Perikanan,Kab. Halmahera Tengah,HASJRAT ABADI,100.0,,original,SI_NonICT_Papua_-_Maluku.csv
17,AYOOKLIK AIRMAS PERKASA,3203860640.0,8,5,3,3,Belanja Modal Printer,Dinas Perikanan,Kab. Halmahera Tengah,AYOOKLIK AIRMAS PERKASA,100.0,,original,SI_NonICT_Papua_-_Maluku.csv
18,C*. C**** W******,2488094700.0,8,6,3,2,Pembangunan Ruang Perawatan NICU,Rumah Sakit Umum Labuha,Kab. Halmahera Selatan,CV. CENDANA WANGI,92.83,CV. CAHYA WINDARI (92.83) | cv. cahya wedhana (92.83) | CV. CITA WICITA (91.81),regex,SI_NonICT_Papua_-_Maluku.csv
19,PT. ENDO Indonesia,1322292926.0,5,5,5,5,EKG (1 Unit),RUMAH SAKIT UMUM PUSAT RSUP Dr J LEIMENA AMBON,Kementerian Kesehatan,PT. ENDO Indonesia,100.0,,original,SI_NonICT_Papua_-_Maluku.csv
20,C*. B****** K********,811644623.0,39,5,3,6,Perencanaan Gedung Pendidikan TK Negeri Pembina,Dinas Pendidikan,Kota Ambon,CV. BELLVAN KONSULTAN,91.67,CV. BERKAH KONSTRUKSI (91.67) | CV. BERINGIN KENCANA (91.21) | CV. Batara Konsultan (91.21),regex,SI_NonICT_Papua_-_Maluku.csv
1,PT. KARYA MENTARI SERAYA,39932766000.0,10,5,1,7,Pengadaan Meubelair Madrasah Provinsi Gorontalo 3,691311,Kementerian Pekerjaan Umum,PT. KARYA MENTARI SERAYA,100.0,,original,SI_NonICT_Sulawesi.csv
2,CV.MAKKAWARU PUTRA,39149309300.0,5,5,3,5,PRESERVASI JALAN JALAN TABONE - POLEWALI (OFF PAVEMENT/ PENANGANAN LONGSORAN) SEGMEN II,693928,Kementerian Pekerjaan Umum,CV.MAKKAWARU PUTRA,100.0,,original,SI_NonICT_Sulawesi.csv
3,C*. A********,13807275155.0,31,13,14,15,Jasa Konsultansi Perencanaan Peningkatan Bendung Irigasi,Dinas Pekerjaan Umum dan Penataan Ruang,Kab. Gowa,c.v asumi XXVI,80.6,C.V. Ahdias Bangun Usaha (62.41) | C.V. ANTA WIGUNA SEJAHTERA (61.5),sql,SI_NonICT_Sulawesi.csv
4,PT. MITRA ERA GLOBAL,11684998000.0,17,5,11,12,Pengadaan TIK SMKN 1 Mananggu,Dinas Pendidikan dan Kebudayaan,Provinsi Gorontalo,PT. MITRA ERA GLOBAL,100.0,,original,SI_NonICT_Sulawesi.csv
5,PRIMA DUTA NUSANTARA,10769800000.0,58,6,12,12,Peralatan Praktik Kejuruan Konsentrasi Keahlian Asisten Keperawatan dan Caregiver (Peralatan Asisten Keperawatan) (DAK),Dinas Pendidikan dan Kebudayaan,Provinsi Gorontalo,PRIMA DUTA NUSANTARA,100.0,,original,SI_NonICT_Sulawesi.csv
6,CV CAHAYA ALIKA ABADI,9798221356.0,9,5,4,5,Pembuatan Bor Air SMP Negeri 2 Kalawat,Dinas Pendidikan,Kab. Minahasa Utara,CV CAHAYA ALIKA ABADI,100.0,,original,SI_NonICT_Sulawesi.csv
7,C*. A*** K*********,8796843492.0,22,10,9,9,PAVING BLOK GRIYA RAFASYA KEL. ANAWAI,Dinas Pekerjaan Umum dan Penataan Ruang,Kota Kendari,CV. ANDHIKA KENCANA,92.2,CV. ASMA KONSTRUKSI (92.2) | CV. AYWA KONSTRUKSI (92.2) | CV. AMAR KONSTRUKSI (92.2),regex,SI_NonICT_Sulawesi.csv
8,C*. R********,8054345169.0,10,5,5,5,pembangunan Drainase,Dinas Perumahan dan Kawasan Permukiman,Kab. Sigi,"C. Garing, C. Garing, Djefry Lolaroh, Enos Makagansa, Rifdar Katiandagho, Y. Manangkalangi, S.Ap, Y. Manangkalangi, S.Ap, Yosman Limpong",22.29,,sql,SI_NonICT_Sulawesi.csv
9,AYOOKLIK PANTERO TANGARA,7728582000.0,11,5,3,2,Pengadaan Peralatan Pendukung Pembelajaran (FKIP),UNIVERSITAS HALU OLEO,"Kementerian Pendidikan Tinggi, Sains, dan Teknologi",AYOOKLIK PANTERO TANGARA,100.0,,original,SI_NonICT_Sulawesi.csv
10,C*. E***** P******,6772519350.0,7,5,5,5,Peningkatan Jalan Lingkungan di Lingkungan PudeE,"DINAS PEKERJAAN UMUM, TATA RUANG, PERUMAHAN DAN KAWASAN PEMUKIMAN",Kab. Barru,CV. EDRICK PRATAMA,92.5,CV. ERLANGGA PUTRA (92.5) | CV. ERYNAS PERDANA (92.5) | CV. ERLANGGA PURA (91.99),regex,SI_NonICT_Sulawesi.csv
11,C*. A******* P******,6662930072.0,9,7,5,5,Pembangunan Jalan Usaha Tani Desa Karang-karangan Kec. Bua,DINAS PERTANIAN,Kab. Luwu,CV. ANJURAN PENGUASA,91.92,CV. ARYAGUNA PERKASA (91.92) | cv.cipta adi pratama (91.92) | CV.SOLUSI ARYA PRIMA (91.92),regex,SI_NonICT_Sulawesi.csv
12,PT COMPLUS SISTEM SOLUSI,6083300000.0,12,5,6,6,"Peralatan Teknologi, Informasi dan Komunikasi (TIK) SD",DINAS PENDIDIKAN DAN KEBUDAYAAN,Kota Palu,PT COMPLUS SISTEM SOLUSI,100.0,,original,SI_NonICT_Sulawesi.csv
13,ALKAUTSAR AFLAH MANDIRI,5919980778.0,11,5,7,8,Belanja Pengadaan Alat Permainan Edukatif (APE) Dalam Ruangan,DINAS PENDIDIKAN,Kab. Sinjai,ALKAUTSAR AFLAH MANDIRI,100.0,,original,SI_NonICT_Sulawesi.csv
14,C*. A******,5242257015.0,15,10,8,9,Belanja Modal Perencanaan DED Jembatan DAU,Dinas Pekerjaan Umum dan Penataan Ruang,Kab. Gowa,c.v asumi XXVI,78.45,C.V. Ahdias Bangun Usaha (61.16) | C.V. ANTA WIGUNA SEJAHTERA (60.35),sql,SI_NonICT_Sulawesi.csv
15,HASJRAT ABADI,5071546500.0,9,9,9,9,Pengadaan Handtraktor,"Dinas Tanaman Pangan, Holtikultura dan Perkebunan",Kab. Banggai,HASJRAT ABADI,100.0,,original,SI_NonICT_Sulawesi.csv
16,KASTARAPUTRAPERKASA,4952675245.0,7,5,4,6,PAVING BLOK KEL. ANDUONOHU,Dinas Pekerjaan Umum dan Penataan Ruang,Kota Kendari,KASTARAPUTRAPERKASA,100.0,,original,SI_NonICT_Sulawesi.csv
17,C*. A*****,4104811812.0,21,10,9,9,Belanja Modal Bangunan Gedung Tempat Pendidikan,Dinas Pendidikan,Kota Makassar,c.v asumi XXVI,77.38,C.V. Ahdias Bangun Usaha (60.54) | C.V. ANTA WIGUNA SEJAHTERA (59.77),sql,SI_NonICT_Sulawesi.csv
18,C*. A***** P******,3783720416.0,9,8,3,3,Persediaan untuk Dijual/Diserahkan Kepada Masyarakat - Peningkatan Jalan Produksi Kelompok Sipatuo Desa Bahari,Dinas Perikanan,Kab. Luwu Timur,CV. ADITYA PERSADA,92.5,CV. ADELIA PRATAMA (92.5) | CV. AMALIA PERSADA (92.5) | CV. ADITRA PERKASA (92.5),regex,SI_NonICT_Sulawesi.csv
19,C*. P********,3613500000.0,9,5,5,5,"Pembangunan Jalan Usaha Tani, Desa Bulontala, Kec. Suwawa Selatan",DINAS KETAHANAN PANGAN DAN PERTANIAN,Kab. Bone Bolango,C.V. OCTAGON MULTI PLAN,42.92,C.V. SUDUT PANDANG DESIGN (41.94) | C.V. SAROTAMA SOLUSI PAMUNGKAS (40.03),sql,SI_NonICT_Sulawesi.csv
20,C*. T*** P****,3456198569.0,20,9,6,6,PAVING BLOK JL. CEMPAKA PUTIH RT.02 RW.04 LRG. DUASA KEL. WUA-WUA,Dinas Pekerjaan Umum dan Penataan Ruang,Kota Kendari,CV. TIGA PUTRI,94.0,CV. TITA PRIMA (94.0) | CV. TIGA PILAR (94.0) | CV. TATA PRIMA (94.0),regex,SI_NonICT_Sulawesi.csv
1,C*. M****,28101494000.0,22,6,9,8,Pembangunan/Peningkatan Jembatan Parit Saerah RT.05 Dusun Delima Putih Desa Sungai Gebar Kecamatan Kuala Betara,DINAS PERUMAHAN DAN KAWASAN PERMUKIMAN KAB. TANJUNG JABUNG BARAT,Kab. Tanjung Jabung Barat,C.V. MITOPII,88.75,c.v.cahaya mandala (82.95) | C.V. OCTAGON MULTI PLAN (40.31) | C.V. KARYA MAKMUR MAUMERE (39.54),sql,SI_NonICT_Sumatera.csv
2,C*. Y**** P******,27990479500.0,10,7,5,5,Pembangunan Jalan HM. Nur Ujung Menuju TPA Kecamatan Datuk Bandar Kota Tanjungbalai,Dinas Pekerjaan Umum dan Tata Ruang,Kota Tanjung Balai,CV. YUDHA PRAKASA,92.83,CV. YUDHA PRATAMA (92.83) | CV. YUDI PERDANA (92.3) | CV. YANS PERDANA (92.3),regex,SI_NonICT_Sumatera.csv
3,CV. RAJAWALI COMPANY,22581815432.0,5,5,5,5,Peningkatan SPAM Jaringan Perpipaan Desa Mengkirau (DAK PENUGASAN 2025),Dinas Pekerjaan Umum dan Penataan Ruang,Kab. Kepulauan Meranti,CV. RAJAWALI COMPANY,100.0,,original,SI_NonICT_Sumatera.csv
4,C*. K*****,21017015000.0,16,8,7,8,Peningkatan/Rekonstruksi Jalan Jendal Sudirman - Karya Mulya III (DAK),DINAS PEKERJAAN UMUM DAN PENATAAN RUANG,Kota Prabumulih,C.V.SOSRO KARYA,86.32,"C.V. KARYA MAKMUR MAUMERE (60.14) | C.V. HANDA KARYA (55.38) | C. Garing, C. Garing, Djefry Lolaroh, Enos Makagansa, Rifdar Katiandagho, Y. Manangkalangi, S.Ap, Y. Manangkalangi, S.Ap, Yosman Limpong (21.96)",sql,SI_NonICT_Sumatera.csv
5,C*. A***,19783116143.0,21,9,7,7,Rehab Pagar SD Negeri 194 Kecamatan Kalidoni Palembang,Dinas Pendidikan,Kota Palembang,c.v asumi XXVI,75.24,C.V. Ahdias Bangun Usaha (59.29) | C.V. ANTA WIGUNA SEJAHTERA (58.62),sql,SI_NonICT_Sumatera.csv
6,C*. M**** K****,18709575412.0,8,6,5,5,Pembangunan Sumur Bor dan Sanitasinya SDN 014 Tanah Datar Kec. Rengat Barat,DINAS PENDIDIKAN DAN KEBUDAYAAN,Kab. Indragiri Hulu,"C. Garing, C. Garing, Djefry Lolaroh, Enos Makagansa, Rifdar Katiandagho, Y. Manangkalangi, S.Ap, Y. Manangkalangi, S.Ap, Yosman Limpong",16.26,,sql,SI_NonICT_Sumatera.csv
7,PT Turbo Mitra Perkasa,17390682929.0,16,6,9,8,Belanja Modal Alat Kantor Lainnya,Dinas Pekerjaan Umum dan Penataan Ruang,Kota Jambi,PT Turbo Mitra Perkasa,100.0,,original,SI_NonICT_Sumatera.csv
8,C*. P**** C******,17267497000.0,10,7,6,6,Pembangunan Mushollah Desa Kapuk Kecamatan Pemulutan Selatan,Dinas Perumahan Rakyat dan Kawasan Permukiman serta pertanahan,Kab. Ogan Ilir,CV. Putra Cendana,92.83,CV. PUTRI CARISSA (92.83) | CV. PANTE CERMEIN (92.83) | CV. PUTRI CAHYANI (92.83),regex,SI_NonICT_Sumatera.csv
9,C*. K**** A****,16038392141.0,17,9,7,6,Lanjutan pembangunan jalan menuju tegul tok terang RT. 01 RW. 01 bandarsyah,"Dinas Perumahan Rakyat, Kawasan Pemukiman dan Pertanahan",Kab. Natuna,CV. Karya Agung,93.57,CV. KARYA AGUNG (93.57) | CV. KARYA ABADI (93.57) | CV. Karya Abadi (93.57),regex,SI_NonICT_Sumatera.csv
10,ZAYYAN TRI SAKTI,15065300361.0,9,5,4,4,Pembangunan Fasilitas Pendukung Taman Alun-Alun di Kec. Sei Rampah (DAU),Dinas Pekerjaan Umum dan Tata Ruang,Kab. Serdang Bedagai,ZAYYAN TRI SAKTI,100.0,,original,SI_NonICT_Sumatera.csv
11,C*. B****** J***,14054535840.0,31,9,10,10,Rehab Utilitas Mal Pelayanan Publik Belitang OKU Timur,Dinas Pekerjaan Umum dan Tata Ruang,Kab. Ogan Komering Ulu Timur,CV. BAHTERA JAYA,93.18,CV. BUDIMAN JAYA (93.18) | CV. BINTANG JAYA (93.18) | CV. Berebet Jaya (93.18),regex,SI_NonICT_Sumatera.csv
12,C*. R*****,13077790500.0,27,13,16,15,Pemeliharaan Oprit Jembatan Parit Gantung (Sp Teluk Sialang - Pelabuhan RORO),DINAS PEKERJAAN UMUM DAN PENATAAN RUANG KAB. TANJUNG JABUNG BARAT,Kab. Tanjung Jabung Barat,"C. Garing, C. Garing, Djefry Lolaroh, Enos Makagansa, Rifdar Katiandagho, Y. Manangkalangi, S.Ap, Y. Manangkalangi, S.Ap, Yosman Limpong",21.96,,sql,SI_NonICT_Sumatera.csv
13,CV. MA_JU MANDIRI,12641383100.0,5,5,3,4,Pengembangan Jaringan Distribusi SPAM Pekon Sriwungu Kecamatan Banyumas.,DINAS PEKERJAAN UMUM DAN PERUMAHAN RAKYAT,Kab. Pringsewu,CV. MA_JU MANDIRI,100.0,,original,SI_NonICT_Sumatera.csv
14,C*. P**** S***,12578860000.0,7,5,6,6,Perencanaan Penyusunan Rencana Tapak (Site Plan) dan Detail Engineering Design (DED) Peremajaan / Pemugaran Permukiman Kumuh dengan Luas 10 (Sepuluh) Ha sampai dengan di bawah 15 (Lima Belas) Ha di Kab. PALI,Dinas Perumahan dan Kawasan Permukiman,Provinsi Sumatera Selatan,CV. PUTRI SOLO,94.0,CV. PUSPA SARI (94.0) | CV. PAKAR SEMI (94.0) | CV. Phitu Sima (94.0),regex,SI_NonICT_Sumatera.csv
15,EMPAT PILAR SUVARNA,12464820700.0,22,8,15,16,"Pengadaan Alat Permainan Edukatif (APE), Perlengkapan dan Bahan Pembelajaran PAUD",Dinas Pendidikan,Kota Payakumbuh,EMPAT PILAR SUVARNA,100.0,,original,SI_NonICT_Sumatera.csv
16,cv bandar sai jaya,12270348300.0,10,7,6,5,Peningkatan SPAM jaringan Perpipaan Desa Gunung Sari Kecamatan Abung Semuli,"DINAS PERUMAHAN RAKYAT, KAWASAN PEMUKIMAN, CIPTA KARYA DAN PENATAAN RUANG",Kab. Lampung Utara,cv bandar sai jaya,100.0,,original,SI_NonICT_Sumatera.csv
17,C*. P******** N********,12262151150.0,12,7,4,4,"Rehab/Pemel Jembatan Gunung Mas - Madugondo, Kec Belitang Jaya",Dinas Pekerjaan Umum dan Tata Ruang,Kab. Ogan Komering Ulu Timur,CV. PELINDUNG NUSANTARA,91.21,CV. Paradigma Nusantara (91.21) | CV. PARADIGMA NUSANTARA (91.21) | CV. PUNGGAWA NUSANTARA (90.78),regex,SI_NonICT_Sumatera.csv
18,C* k******** s***** m******,12070000000.0,10,5,4,4,Pembangunan Masjid Desa Ulak Bedil (Lanjutan),Dinas Perumahan Rakyat dan Kawasan Permukiman serta pertanahan,Kab. Ogan Ilir,CV kontrindo sukses mandiri,91.18,Cv Kebalen Sukses Mandiri (90.45) | CV. KARYA SHINTA MANDIRI (90.11) | CV. KARYA SEJATI MANDIRI (90.11),sql,SI_NonICT_Sumatera.csv
19,C*. B***** C*********,12036104000.0,19,9,8,8,Peningkatan Jalan Lingkungan Ruas Jalan di Pekon Ambarawa,DINAS PEKERJAAN UMUM DAN PERUMAHAN RAKYAT,Kab. Pringsewu,CV. BEDDEW CONSULTANT,91.67,CV. BERLIAN CEMERLANG (91.67) | CV. BENING CONSTRUKSI (91.67) | CV. BANGGAI CEMERLANG (91.67),regex,SI_NonICT_Sumatera.csv
20,PRIMA DUTA NUSANTARA,11513871000.0,26,6,17,17,Belanja Modal Alat Laboratorium Pendidikan,DINAS PENDIDIKAN DAN KEBUDAYAAN,Kab. Mesuji,PRIMA DUTA NUSANTARA,100.0,,original,SI_NonICT_Sumatera.csv
